-- phpMyAdmin SQL Dump
-- version 5.2.1-dev+20220930.5d48e1006b
-- https://www.phpmyadmin.net/
--
-- Máy chủ: 127.0.0.1
-- Thời gian đã tạo: Th12 14, 2022 lúc 05:25 PM
-- Phiên bản máy phục vụ: 10.4.24-MariaDB
-- Phiên bản PHP: 8.1.5

SET SQL_MODE = "NO_AUTO_VALUE_ON_ZERO";
START TRANSACTION;
SET time_zone = "+00:00";


/*!40101 SET @OLD_CHARACTER_SET_CLIENT=@@CHARACTER_SET_CLIENT */;
/*!40101 SET @OLD_CHARACTER_SET_RESULTS=@@CHARACTER_SET_RESULTS */;
/*!40101 SET @OLD_COLLATION_CONNECTION=@@COLLATION_CONNECTION */;
/*!40101 SET NAMES utf8mb4 */;

--
-- Cơ sở dữ liệu: `duan1`
--

-- --------------------------------------------------------

--
-- Cấu trúc bảng cho bảng `accounts`
--

CREATE TABLE `accounts` (
  `id` int(11) NOT NULL,
  `accountName` varchar(255) COLLATE utf8mb4_vietnamese_ci NOT NULL,
  `accountPass` varchar(255) COLLATE utf8mb4_vietnamese_ci NOT NULL,
  `accountPhone` int(11) NOT NULL,
  `accountEmail` varchar(255) COLLATE utf8mb4_vietnamese_ci NOT NULL,
  `accountImage` varchar(255) COLLATE utf8mb4_vietnamese_ci NOT NULL,
  `accountAddress` varchar(255) COLLATE utf8mb4_vietnamese_ci NOT NULL,
  `role` tinyint(4) NOT NULL
) ENGINE=InnoDB DEFAULT CHARSET=utf8mb4 COLLATE=utf8mb4_vietnamese_ci;

--
-- Đang đổ dữ liệu cho bảng `accounts`
--

INSERT INTO `accounts` (`id`, `accountName`, `accountPass`, `accountPhone`, `accountEmail`, `accountImage`, `accountAddress`, `role`) VALUES
(4, 'Nguyễn Tuấn Anh', 'anhnt683', 346237897, 'anhntph27773@gmail.com', 'account.png', 'Ninh Bình', 1),
(5, 'Nguyễn Đức Thịnh', 'ducthinh1420.', 915220156, 'thinh1420003@gmail.com', '', 'Nam Định', 0),
(6, 'ewfe', '123456789', 382260954, 'abc@gmail.com', '', 'hn', 0);

-- --------------------------------------------------------

--
-- Cấu trúc bảng cho bảng `bill`
--

CREATE TABLE `bill` (
  `id` int(11) NOT NULL,
  `accountId` int(11) NOT NULL,
  `billName` varchar(255) COLLATE utf8mb4_vietnamese_ci NOT NULL,
  `billAddress` varchar(255) COLLATE utf8mb4_vietnamese_ci NOT NULL,
  `billPhone` int(11) NOT NULL,
  `billEmail` varchar(255) COLLATE utf8mb4_vietnamese_ci NOT NULL,
  `billPttt` tinyint(4) NOT NULL DEFAULT 0 COMMENT '0. Thanh toán khi nhận hàng 1. Thanh toán qua Momo',
  `billStatus` tinyint(4) NOT NULL DEFAULT 0 COMMENT '0. Đơn hàng đang tiếp nhận 1. Đóng gói 2. Đang giao 3. Giao hàng thành công',
  `billTotal` int(11) NOT NULL,
  `oderDate` varchar(255) COLLATE utf8mb4_vietnamese_ci NOT NULL,
  `quatity` int(11) NOT NULL
) ENGINE=InnoDB DEFAULT CHARSET=utf8mb4 COLLATE=utf8mb4_vietnamese_ci;

--
-- Đang đổ dữ liệu cho bảng `bill`
--

INSERT INTO `bill` (`id`, `accountId`, `billName`, `billAddress`, `billPhone`, `billEmail`, `billPttt`, `billStatus`, `billTotal`, `oderDate`, `quatity`) VALUES
(79, 0, 'Nguyễn Đức Thịnh', 'Nam Định', 915220156, 'thinh1420003@gmail.com', 0, 0, 41240000, '28/11/2022', 9),
(81, 0, 'Nguyễn Tuấn Anh', 'Ninh Bình', 346237897, 'anhntph27773@gmail.com', 2, 0, 2800000, '29/11/2022', 1),
(82, 4, 'Nguyễn Tuấn Anh', 'Ninh Bình', 346237897, 'anhntph27773@gmail.com', 2, 0, 2800000, '29/11/2022', 1),
(83, 4, 'Nguyễn Tuấn Anh', 'Ninh Bình', 346237897, 'anhntph27773@gmail.com', 2, 0, 14000000, '29/11/2022', 5),
(84, 4, 'Nguyễn Tuấn Anh', 'Ninh Bình', 346237897, 'anhntph27773@gmail.com', 2, 0, 26680000, '29/11/2022', 8),
(85, 4, 'Nguyễn Tuấn Anh', 'Ninh Bình', 346237897, 'anhntph27773@gmail.com', 0, 0, 33960000, '29/11/2022', 13),
(86, 4, 'Nguyễn Tuấn Anh', 'Ninh Bình', 346237897, 'anhntph27773@gmail.com', 1, 0, 48720000, '29/11/2022', 17),
(87, 4, 'Nguyễn Tuấn Anh', 'Ninh Bình', 346237897, 'anhntph27773@gmail.com', 1, 0, 29100000, '29/11/2022', 8),
(88, 4, 'Nguyễn Tuấn Anh', 'Ninh Bình', 346237897, 'anhntph27773@gmail.com', 1, 0, 43860000, '29/11/2022', 12),
(89, 4, 'Nguyễn Tuấn Anh', 'Ninh Bình', 346237897, 'anhntph27773@gmail.com', 2, 0, 18450000, '04/12/2022', 5),
(90, 4, 'Nguyễn Tuấn Anh', 'Ninh Bình', 346237897, 'anhntph27773@gmail.com', 2, 0, 18450000, '04/12/2022', 5),
(91, 4, 'Nguyễn Tuấn Anh', 'Ninh Bình', 346237897, 'anhntph27773@gmail.com', 0, 0, 22140000, '04/12/2022', 6),
(92, 4, 'Nguyễn Tuấn Anh', 'Ninh Bình', 346237897, 'anhntph27773@gmail.com', 1, 0, 22140000, '04/12/2022', 6),
(93, 4, 'Nguyễn Tuấn Anh', 'Ninh Bình', 346237897, 'anhntph27773@gmail.com', 2, 0, 2250000, '05/12/2022', 1),
(94, 4, 'Nguyễn Tuấn Anh', 'Ninh Bình', 346237897, 'anhntph27773@gmail.com', 1, 0, 47845000, '05/12/2022', 20),
(95, 4, 'Nguyễn Tuấn Anh', 'Ninh Bình', 346237897, 'anhntph27773@gmail.com', 1, 0, 47845000, '05/12/2022', 20),
(97, 4, 'Nguyễn Tuấn Anh', 'Ninh Bình', 346237897, 'anhntph27773@gmail.com', 0, 0, 4500000, '06/12/2022', 2),
(98, 4, 'Nguyễn Tuấn Anh', 'Ninh Bình', 346237897, 'anhntph27773@gmail.com', 1, 0, 11070000, '09/12/2022', 3),
(99, 4, 'Nguyễn Tuấn Anh', 'Ninh Bình', 346237897, 'anhntph27773@gmail.com', 0, 0, 20010000, '09/12/2022', 6),
(100, 4, 'Nguyễn Tuấn Anh', 'Ninh Bình', 346237897, 'anhntph27773@gmail.com', 0, 0, 20010000, '09/12/2022', 6),
(101, 4, 'Nguyễn Tuấn Anh', 'Ninh Bình', 346237897, 'anhntph27773@gmail.com', 0, 0, 20010000, '09/12/2022', 6),
(102, 4, 'Nguyễn Tuấn Anh', 'Ninh Bình', 346237897, 'anhntph27773@gmail.com', 1, 0, 20010000, '09/12/2022', 6),
(103, 6, 'cong', 'hanam', 867017532, 'ho@gmail.com', 1, 0, 1680000, '14/12/2022', 1),
(104, 6, 'cong', 'hanam', 867017532, 'ho@gmail.com', 0, 0, 11100000, '14/12/2022', 4),
(105, 6, 'cong', 'hanam', 867017532, 'ho@gmail.com', 1, 0, 13050000, '14/12/2022', 5);

-- --------------------------------------------------------

--
-- Cấu trúc bảng cho bảng `billdetail`
--

CREATE TABLE `billdetail` (
  `id` int(11) NOT NULL,
  `billId` int(11) NOT NULL,
  `productId` int(11) NOT NULL,
  `productQuantity` int(11) NOT NULL
) ENGINE=InnoDB DEFAULT CHARSET=utf8mb4 COLLATE=utf8mb4_vietnamese_ci;

--
-- Đang đổ dữ liệu cho bảng `billdetail`
--

INSERT INTO `billdetail` (`id`, `billId`, `productId`, `productQuantity`) VALUES
(43, 70, 21, 0),
(44, 71, 21, 0),
(45, 71, 19, 0),
(46, 72, 21, 0),
(47, 72, 19, 0),
(48, 73, 21, 0),
(49, 74, 21, 0),
(50, 74, 20, 0),
(51, 75, 17, 0),
(52, 75, 19, 0),
(53, 75, 18, 0),
(54, 76, 20, 0),
(55, 76, 19, 0),
(56, 77, 19, 0),
(57, 77, 21, 0),
(58, 78, 19, 3),
(59, 78, 21, 5),
(60, 79, 19, 3),
(61, 79, 21, 5),
(62, 79, 20, 1),
(63, 80, 21, 1),
(64, 81, 21, 1),
(65, 82, 21, 1),
(66, 83, 21, 5),
(67, 84, 20, 4),
(68, 84, 18, 4),
(69, 85, 21, 9),
(70, 85, 16, 4),
(71, 86, 21, 9),
(72, 86, 16, 4),
(73, 86, 20, 4),
(74, 87, 20, 4),
(75, 87, 15, 4),
(76, 88, 20, 8),
(77, 88, 15, 4),
(78, 89, 20, 5),
(79, 90, 20, 5),
(80, 91, 20, 6),
(81, 92, 20, 6),
(82, 93, 17, 1),
(83, 94, 17, 9),
(84, 94, 15, 1),
(85, 94, 21, 1),
(86, 94, 16, 8),
(87, 94, 20, 1),
(88, 95, 17, 9),
(89, 95, 15, 1),
(90, 95, 21, 1),
(91, 95, 16, 8),
(92, 95, 20, 1),
(93, 96, 17, 1),
(94, 97, 17, 2),
(95, 98, 20, 3),
(96, 99, 20, 3),
(97, 99, 18, 3),
(98, 100, 20, 3),
(99, 100, 18, 3),
(100, 101, 20, 3),
(101, 101, 18, 3),
(102, 102, 20, 3),
(103, 102, 18, 3),
(104, 103, 14, 1),
(105, 104, 14, 1),
(106, 104, 49, 2),
(107, 104, 48, 1),
(108, 105, 14, 1),
(109, 105, 49, 2),
(110, 105, 48, 1),
(111, 105, 45, 1);

-- --------------------------------------------------------

--
-- Cấu trúc bảng cho bảng `categorys`
--

CREATE TABLE `categorys` (
  `id` int(11) NOT NULL,
  `categoryName` varchar(255) COLLATE utf8mb4_vietnamese_ci NOT NULL,
  `categoryImage` varchar(255) COLLATE utf8mb4_vietnamese_ci NOT NULL
) ENGINE=InnoDB DEFAULT CHARSET=utf8mb4 COLLATE=utf8mb4_vietnamese_ci;

--
-- Đang đổ dữ liệu cho bảng `categorys`
--

INSERT INTO `categorys` (`id`, `categoryName`, `categoryImage`) VALUES
(1, 'YSL', 'cate2.jpg'),
(2, 'CoCo Chanel', 'chanel2.jpg'),
(3, 'Gucci', 'gucci1.jpg'),
(4, 'Dior', 'dior2.jpg'),
(5, 'Lelabo', 'catelelabo.jpg'),
(6, 'Narciso', 'catenatiso.jpg'),
(8, 'Versace', 'versace2.jpg'),
(9, 'Dolce', 'cate4.jpg');

-- --------------------------------------------------------

--
-- Cấu trúc bảng cho bảng `comments`
--

CREATE TABLE `comments` (
  `id` int(11) NOT NULL,
  `content` varchar(255) COLLATE utf8mb4_vietnamese_ci NOT NULL,
  `productId` int(11) NOT NULL,
  `accountId` int(11) NOT NULL,
  `accountName` varchar(255) COLLATE utf8mb4_vietnamese_ci NOT NULL,
  `commentDate` varchar(255) COLLATE utf8mb4_vietnamese_ci NOT NULL
) ENGINE=InnoDB DEFAULT CHARSET=utf8mb4 COLLATE=utf8mb4_vietnamese_ci;

--
-- Đang đổ dữ liệu cho bảng `comments`
--

INSERT INTO `comments` (`id`, `content`, `productId`, `accountId`, `accountName`, `commentDate`) VALUES
(1, 'fewfsfs', 16, 23, 'cong', '04/12/2022'),
(2, 'dsdsds', 20, 4, 'Nguyễn Tuấn Anh', '04/12/2022'),
(3, 'good', 20, 4, 'Nguyễn Tuấn Anh', '04/12/2022'),
(4, 'good\r\n', 16, 4, 'Nguyễn Tuấn Anh', '04/12/2022'),
(5, 'aaa', 22, 4, 'Nguyễn Tuấn Anh', ' 00:40:37 - 05/12/2022'),
(6, 'sản phẩm tốt', 13, 4, 'Nguyễn Tuấn Anh', ' 21:04:36 - 05/12/2022'),
(7, 'san phẩm tốt\r\n', 11, 4, 'Nguyễn Tuấn Anh', ' 21:54:53 - 09/12/2022'),
(8, 'wfwfw', 12, 6, 'ewfe', ' 21:36:13 - 13/12/2022');

-- --------------------------------------------------------

--
-- Cấu trúc bảng cho bảng `news`
--

CREATE TABLE `news` (
  `id` int(11) NOT NULL,
  `news_title` varchar(255) NOT NULL,
  `news_image` varchar(255) NOT NULL,
  `news_desc` varchar(255) NOT NULL,
  `news_detail` mediumtext NOT NULL
) ENGINE=InnoDB DEFAULT CHARSET=utf8mb4;

--
-- Đang đổ dữ liệu cho bảng `news`
--

INSERT INTO `news` (`id`, `news_title`, `news_image`, `news_desc`, `news_detail`) VALUES
(3, '10 điểm tròn', 'Screenshot 2022-11-30 181623.png', 'ngon\"\"\"', '<ul>\r\n	<li>hàng tốt</li>\r\n	<li>chất lượng</li>\r\n</ul>\r\n'),
(4, 'Cuộc sống trong tù', 'anhthe.jpg', 'fdsafhljdsahfldjsafhlsjakdfhlsadkjfhsadlfjkdhflasdkjfs\"', '<p>dsafdsafsdakfj;klsdajf;sdklajf;ksadljf</p>\r\n'),
(5, 'Chơi thuốc quá đà', 'Screenshot 2022-11-30 181623.png', 'Dấu hiệu hút chích quá nhiều dẫn đến nghiện', '<p>Ho&agrave;ng l&agrave; đứa con ngoan do bạn b&egrave; rủ r&ecirc; n&ecirc;n dẫn đến nghiện</p>\r\n\r\n<p><img alt=\"\" src=\"https://www.google.com/url?sa=i&amp;url=https%3A%2F%2Fluathoangphi.vn%2Fthe-nao-la-nguoi-nghien-ma-tuy%2F&amp;psig=AOvVaw1f8PSCdL6Jz-kFGOtzzgA1&amp;ust=1670986225760000&amp;source=images&amp;cd=vfe&amp;ved=0CBAQjRxqFwoTCMCUjvXK9fsCFQAAAAAdAAAAABAE\" /><img alt=\"\" src=\"https://luathoangphi.vn/wp-content/uploads/2021/09/the-nao-la-nguoi-nghien-ma-tuy.jpg?v=1631627804\" style=\"height:400px; width:500px\" /></p>\r\n'),
(6, 'Nước hoa GUCCI hót họt', 'gucci.jpg', 'Nước Hoa Gucci Bloom EDP 50ML', '<p>-&nbsp;<strong><a href=\"http://thegioisonmoi.com/products/nuoc-hoa-nu-gucci-bloom-edp-tinh-te-va-sang-trong\">Gucci Bloom</a></strong>&nbsp;l&agrave; d&ograve;ng nước hoa mới nhất của hang. Đ&acirc;y cũng l&agrave; sản phẩm đầu ti&ecirc;n ra đời dưới tay gi&aacute;m đốc s&aacute;ng tạo mới của Gucci, Alessandro Michele. M&ugrave;i hương nước hoa mới dự b&aacute;o sẽ trở th&agrave;nh tượng đ&agrave;i tiếp theo của h&atilde;ng thời trang n&agrave;y v&agrave; c&ugrave;ng với những d&ograve;ng sản phẩm ch&iacute;nh như Guilty, nước hoa Gucci Bamboo, nước hoa Gucci Flora v&agrave; Gucci by Gucci.</p>\r\n'),
(7, 'Nước hoa GUCCI hót họt', 'gucci-2.jpg', 'Nước Hoa Gucci Bloom EDP 50ML', '<p>-&nbsp;<strong><a href=\"http://thegioisonmoi.com/products/nuoc-hoa-nu-gucci-bloom-edp-tinh-te-va-sang-trong\">Gucci Bloom</a></strong>&nbsp;l&agrave; d&ograve;ng nước hoa mới nhất của hang. Đ&acirc;y cũng l&agrave; sản phẩm đầu ti&ecirc;n ra đời dưới tay gi&aacute;m đốc s&aacute;ng tạo mới của Gucci, Alessandro Michele. M&ugrave;i hương nước hoa mới dự b&aacute;o sẽ trở th&agrave;nh tượng đ&agrave;i tiếp theo của h&atilde;ng thời trang n&agrave;y v&agrave; c&ugrave;ng với những d&ograve;ng sản phẩm ch&iacute;nh như Guilty, nước hoa Gucci Bamboo, nước hoa Gucci Flora v&agrave; Gucci by Gucci.</p>\r\n'),
(8, 'Nước hoa GUCCI hót họt', 'gucci3.jpg', 'Nước Hoa Gucci Bloom EDP 50ML', '<p>-&nbsp;<strong><a href=\"http://thegioisonmoi.com/products/nuoc-hoa-nu-gucci-bloom-edp-tinh-te-va-sang-trong\">Gucci Bloom</a></strong>&nbsp;l&agrave; d&ograve;ng nước hoa mới nhất của hang. Đ&acirc;y cũng l&agrave; sản phẩm đầu ti&ecirc;n ra đời dưới tay gi&aacute;m đốc s&aacute;ng tạo mới của Gucci, Alessandro Michele. M&ugrave;i hương nước hoa mới dự b&aacute;o sẽ trở th&agrave;nh tượng đ&agrave;i tiếp theo của h&atilde;ng thời trang n&agrave;y v&agrave; c&ugrave;ng với những d&ograve;ng sản phẩm ch&iacute;nh như Guilty, nước hoa Gucci Bamboo, nước hoa Gucci Flora v&agrave; Gucci by Gucci.</p>\r\n\r\n<p>- Với d&ograve;ng nước hoa&nbsp;<strong><a href=\"https://thegioisonmoi.com/products/nuoc-hoa-gucci-bloom-edp/\">Gucci Bloom</a></strong>&nbsp;n&agrave;y, ch&uacute;ng ta c&oacute; thể mong đợi để thưởng thức một m&ugrave;i hương hoa kh&aacute;c biệt đầy biến h&oacute;a dưới b&agrave;n tay t&agrave;i hoa của nh&agrave; thiết kế nước hoa Alberto Morrillas. Những loại hoa trắng như hoa nh&agrave;i sambac tự nhi&ecirc;n v&agrave; hoa huệ trắng được kết hợp với hương gỗ của rễ c&acirc;y irit thơm v&agrave; nốt hương mới của hoa kim ng&acirc;n xứ Trung Hoa hoặc c&acirc;y Rangoon creeper (sử qu&acirc;n tử) (Combretum indicum), một loại c&acirc;y c&oacute; hoa m&agrave;u đỏ nguồn gốc từ Ấn Độ v&agrave; c&oacute; hương thơm độc đ&aacute;o.</p>\r\n\r\n<p>&nbsp;</p>\r\n\r\n<p>&nbsp;</p>\r\n\r\n<p><img src=\"https://file.hstatic.net/1000025647/file/gucci-bloom-hong_da93a0dcd4f14be4bc1ee849881cd17c_1024x1024.jpg\" /></p>\r\n\r\n<p>&nbsp;</p>\r\n\r\n<p>&nbsp;</p>\r\n\r\n<p><img src=\"https://file.hstatic.net/1000025647/file/253777273_1562665744072542_2907457893776207461_n_2c7278bd97f64571a499d49ee379642d_1024x1024.jpg\" /></p>\r\n\r\n<p>&nbsp;</p>\r\n\r\n<p>- Vỏ chai được thiết kế ấn tượng với h&igrave;nh d&aacute;ng vu&ocirc;ng vức, m&agrave;u hồng nhạt đậm chất Vintage c&ugrave;ng với nh&atilde;n t&ecirc;n trang tr&iacute; đơn giản nhưng vẫn l&agrave;m to&aacute;t l&ecirc;n vẻ thanh lịch, tinh tế vốn c&oacute; của thương hiệu Gucci hẳn sẽ đốn gục h&agrave;ng triệu tr&aacute;i tim của c&aacute;c c&ocirc; n&agrave;ng y&ecirc;u th&iacute;ch sự l&atilde;ng mạng, cổ điển.</p>\r\n\r\n<p>&nbsp;</p>\r\n\r\n<p><a href=\"https://thegioisonmoi.com/products/nuoc-hoa-gucci-bloom-edp/\"><img src=\"https://file.hstatic.net/1000025647/file/gucci-bloom_9b331e3e36d242c9bc5f05da8ed3b5dd_1024x1024.jpg\" /></a></p>\r\n\r\n<p>&nbsp;</p>\r\n\r\n<p><a href=\"https://thegioisonmoi.com/products/nuoc-hoa-gucci-bloom-edp/\"><img src=\"https://file.hstatic.net/1000025647/file/chai-gucci-bloom_6c08925fa181483da30820b1ce82d211_1024x1024.jpg\" /></a></p>\r\n\r\n<p>&nbsp;</p>\r\n\r\n<p>&nbsp;</p>\r\n\r\n<p><strong>M&ugrave;i hương đặc trưng:</strong>&nbsp;Hoa huệ, hoa nh&agrave;i, hoa Rangoon Creeper</p>\r\n\r\n<p><strong>Phong c&aacute;ch:</strong>&nbsp;Tinh tế, sang trọng</p>\r\n'),
(9, 'Nước hoa Chanel lôi cuốn', 'chanel2.jpg', 'Nước Hoa Chanel Bloom EDP 50ML\"', '<h3><strong>Nước Hoa Chanel Gabrielle EDP 35ML -&nbsp;Tinh Khiết, Nhẹ Nh&agrave;ng, Gợi Cảm</strong></h3>\r\n\r\n<h3><br />\r\n-&nbsp;<strong><a href=\"http://thegioisonmoi.com/products/nuoc-hoa-chanel-gabrielle-edp\">Gabrielle Chanel</a></strong>&nbsp;d&ograve;ng nước hoa mới nhất của Chanel, được lấy cảm hứng từ ch&iacute;nh người phụ nữ vĩ đại của thời trang thế giới, người s&aacute;ng lập thương hiệu Chanel. Gabrielle đ&atilde; sống v&agrave; trở th&agrave;nh con người m&agrave; ch&iacute;nh b&agrave; muốn.</h3>\r\n\r\n<p>&nbsp;</p>\r\n\r\n<p><a href=\"http://thegioisonmoi.com/products/nuoc-hoa-chanel-gabrielle-edp\"><img src=\"https://file.hstatic.net/1000025647/file/chanel-gabrielle-fragrance_grande.jpg\" /></a></p>\r\n\r\n<p>&nbsp;</p>\r\n\r\n<h3><br />\r\n- Với&nbsp;<a href=\"http://thegioisonmoi.com/products/nuoc-hoa-chanel-gabrielle-edp\">nước hoa Gabrielle Chanel</a>, nh&agrave; chế t&aacute;c nước hoa Olivier Polge đ&atilde; hợp t&aacute;c với Chanel Fragrance Creation and Development Laboratory để tạo ra một tầng hương mới &ndash; hương của những lo&agrave;i hoa trắng. Olivier đ&atilde; h&ograve;a quyện hương sắc ylangylang với hoa nh&agrave;i, hoa cam v&agrave; một ch&uacute;t tinh kh&ocirc;i của hoa huệ xứ Grasse. Rồi từ đ&oacute;, &ocirc;ng th&ecirc;m v&agrave;o xạ hương trắng, gỗ, đ&agrave;n hương v&agrave; vỏ qu&yacute;t. Cuối c&ugrave;ng l&agrave; sự g&oacute;p mặt của bưởi v&agrave; blackcurrant (quả l&yacute; chua đen), l&agrave;m tăng sự tươi m&aacute;t cho lớp hương hoa mịn m&agrave;ng, dịu d&agrave;ng trước đ&oacute;. Sự tổng h&ograve;a của c&aacute;c tầng hương m&agrave; đặc biệt hương hoa l&agrave;m chủ đạo đ&atilde; truyền tải tinh thần của Gabrielle: nữ t&iacute;nh m&agrave; vẫn mạnh mẽ, tươi mới m&agrave; vẫn nồng n&agrave;n. Gabrielle Chanel đ&acirc;u chỉ đơn thuần l&agrave; một m&ugrave;i hương. Đ&oacute; c&ograve;n l&agrave; một cuộc c&aacute;ch mạng thực thụ, như ch&iacute;nh cuộc c&aacute;ch mạng thời trang m&agrave; Coco Chanel đ&atilde; từng tạo n&ecirc;n.</h3>\r\n\r\n<p>&nbsp;</p>\r\n\r\n<p><a href=\"https://thegioisonmoi.com/products/nuoc-hoa-chanel-gabrielle-edp\"><img src=\"https://file.hstatic.net/1000025647/file/nuoc_hoa_chanel_gabrielle_edp_cc74649767444b73879dd7d0ecec458a_1024x1024.jpg\" /></a></p>\r\n\r\n<p>&nbsp;</p>\r\n\r\n<p><img src=\"https://file.hstatic.net/1000025647/file/chanel-gabrielle-opener_grande-min_grande.jpg\" /></p>\r\n\r\n<h3><br />\r\n- Một m&ugrave;i hương đặc biệt như&nbsp;<a href=\"https://thegioisonmoi.com/products/nuoc-hoa-chanel-gabrielle-edp\">Gabrielle Chanel</a>&nbsp;cần được bảo bọc bởi thiết kế chai tương xứng với đẳng cấp. Th&acirc;n chai được l&agrave;m từ lớp k&iacute;nh thật mỏng &ndash; vốn cần nhiều năm để chế t&aacute;c ho&agrave;n hảo. Khi nh&igrave;n ở mặt nghi&ecirc;ng, bốn mặt k&iacute;nh tạo hiệu ứng như đang hướng về ph&iacute;a trung t&acirc;m. Trong khi phần nh&atilde;n chai được đặt ở vị tr&iacute; sao cho bắt lấy &aacute;nh s&aacute;ng một c&aacute;ch ho&agrave;n hảo nhất.</h3>\r\n\r\n<p>&nbsp;</p>\r\n\r\n<p><a href=\"http://thegioisonmoi.com/collections/nuoc-hoa-nu-chinh-hang/products/nuoc-hoa-chanel-gabrielle-edp\"><img src=\"https://file.hstatic.net/1000025647/file/nuoc-hoa-gabrielle-chanel_3b1e09167c4b4b998ad3aaf999ed9fa7_grande.jpg\" /></a></p>\r\n\r\n<p><a href=\"https://thegioisonmoi.com/products/nuoc-hoa-chanel-gabrielle-edp\"><img src=\"https://file.hstatic.net/1000025647/file/gabrielle-chanel_grande.jpg\" /></a></p>\r\n\r\n<p>&nbsp;</p>\r\n\r\n<p><a href=\"http://thegioisonmoi.com/products/nuoc-hoa-chanel-gabrielle-edp\"><img src=\"https://file.hstatic.net/1000025647/file/chanel_gabrielle_edp_1024x1024.jpg\" /></a></p>\r\n\r\n<p>&nbsp;</p>\r\n\r\n<p><strong>M&ugrave;i hương đặc trưng</strong></p>\r\n\r\n<p>Hương đầu: Cam Mandarin, bưởi, quả l&yacute; chua đen</p>\r\n\r\n<p>Hương giữa: Hoa huệ, hoa Ylang Ylang, l&agrave;i, hoa cam</p>\r\n\r\n<p>Hương cuối: Xạ hương, gỗ đ&agrave;n hương.</p>\r\n'),
(10, 'Nước Hoa Nữ Gucci Bloom Nettare', 'gucci3.jpg', 'Nước Hoa Nữ Gucci Bloom Nettare Fiori EDP Intense 100ML - Quyến Rũ, Sang Trọng\"\"', '<p>-&nbsp;<strong><a href=\"https://www.thegioisonmoi.com/products/nuoc-hoa-nu-gucci-bloom-nettare-fiori\">Gucci Bloom Nettare Di Fiori</a></strong>&nbsp;l&agrave; phi&ecirc;n bản được ra mắt tiếp nối th&agrave;nh c&ocirc;ng rực rỡ từ d&ograve;ng nước hoa Gucci Bloom đ&igrave;nh đ&aacute;m &ndash; Với nguồn cảm hứng mạnh mẽ đầy nữ quyền, Gucci Bloom Nettare Di Fiori được s&aacute;ng tạo ra như một th&ocirc;ng điệp l&agrave;m đẹp rất ri&ecirc;ng của mỗi người phụ nữ. Nước hoa Gucci Bloom Nettare Di Fiori th&iacute;ch hợp cho những c&ocirc; n&agrave;ng hiện đại, quyến rũ, đặc biệt th&iacute;ch nh&oacute;m hương hoa cỏ.</p>\r\n\r\n<p>&nbsp;</p>\r\n\r\n<p><a href=\"https://www.thegioisonmoi.com/products/nuoc-hoa-nu-gucci-bloom-nettare-fiori\"><img src=\"https://file.hstatic.net/1000025647/file/nuoc-hoa-gucci_00f2c09312254bed8483654de2da8bd0_1024x1024.jpg\" /></a></p>\r\n\r\n<p>&nbsp;</p>\r\n\r\n<p>- Hương đầu của&nbsp;<strong><a href=\"https://www.thegioisonmoi.com/products/nuoc-hoa-nu-gucci-bloom-nettare-fiori\">Gucci Bloom Nettare Di Fiori&nbsp;</a></strong>l&agrave; sự h&ograve;a quyện giữa vị cay nồng của gừng v&agrave; hương hoa hồng thơm ng&aacute;t. Tầng hương giữa của Nettare Di Fiori tiếp tục chứng kiến sự hoạt động mạnh mẽ của hoa nh&agrave;i Sambac, hoa kim ng&acirc;n v&agrave; huệ trắng với cảm gi&aacute;c thanh m&aacute;t, nữ t&iacute;nh.&nbsp;Cuối c&ugrave;ng l&agrave; sự pha trộn giữa cỏ thơm Ấn Độ, xạ hương v&agrave; hoa Mộc ch&acirc;u &Aacute; gi&uacute;p mang đến &ldquo;c&aacute;i kết&rdquo; kh&ocirc;ng thể ấn tượng hơn cho d&ograve;ng nước hoa n&agrave;y.</p>\r\n\r\n<p><a href=\"https://www.thegioisonmoi.com/products/nuoc-hoa-nu-gucci-bloom-nettare-fiori\"><img src=\"https://file.hstatic.net/1000025647/file/gucci-bloom-aquadi-fiori_7a3f3c7c2f57463ba8a215c805968905_1024x1024.jpg\" /></a></p>\r\n\r\n<p>&nbsp;</p>\r\n\r\n<p>&nbsp;</p>\r\n\r\n<p>- B&ecirc;n cạnh hương thơm thanh lịch th&igrave; vẻ ngo&agrave;i tinh tế đầy sang chảnh của Gucci Bloom EDP cũng l&agrave; một điểm nhấn kh&oacute; phai trong l&ograve;ng c&aacute;c t&iacute;n đồ nước hoa Gucci nữ. Với thiết kế vu&ocirc;ng vức thời thượng c&ugrave;ng chất liệu sơn m&agrave;i độc đ&aacute;o, nước hoa Gucci Bloom Nettare Di Fiori mang đến cảm gi&aacute;c mới mẻ đầy cuốn h&uacute;t khi cầm tr&ecirc;n tay. Th&acirc;n chai được trang tr&iacute; bằng gam hồng pastel với họa tiết c&acirc;y cỏ m&ugrave;a hạ v&agrave; logo Gucci nổi tiếng, vừa mang cảm gi&aacute;c th&acirc;n thiện lại cực kỳ sang trọng, qu&yacute; ph&aacute;i.</p>\r\n\r\n<p>&nbsp;</p>\r\n\r\n<p><a href=\"https://www.thegioisonmoi.com/products/nuoc-hoa-nu-gucci-bloom-nettare-fiori\"><img src=\"https://file.hstatic.net/1000025647/file/2-10-min_ec850c23054c453fac87021ba1e4cfa8_1024x1024.jpg\" /></a></p>\r\n\r\n<p><strong>M&ugrave;i hương đặc trưng:</strong></p>\r\n\r\n<p>Hương Đầu: Hoa hồng, Gừng</p>\r\n\r\n<p>Hương giữa: Hoa huệ trắng, Hoa kim ng&acirc;n, Hoa nh&agrave;i</p>\r\n\r\n<p>Hương cuối: C&acirc;y hoắc hương, Xạ hương, Hoa mộc t&ecirc;</p>\r\n'),
(11, 'Nước hoa Chanel lôi cuốn', 'chanel2.jpg', 'Nước hoa vip nhất hiệp nay', '<p><strong>Hương đầu:</strong>&nbsp;Hoa mộc lan, Dưa gang, Quả đ&agrave;o, Quả l&ecirc;, Cam Bergamot, Quả qu&yacute;t hồng.</p>\r\n\r\n<p><strong>Hương giữa:</strong>&nbsp;Hoa huệ trắng, Quả mận, Hoa t&iacute;m, Hoa phong lan,Hoa lan Nam Phi, Hoa nh&agrave;i, Hoa linh lan thung lũng, Hoa hồng.</p>\r\n\r\n<p><strong>Hương cuối</strong>: Xạ hương, Hương Va ni, Gỗ tuyết t&ugrave;ng, Quả m&acirc;m x&ocirc;i đen.</p>\r\n\r\n<p><strong>Phong c&aacute;ch:</strong>&nbsp;Qu&yacute; phải, sang trọng, nữ t&iacute;nh</p>\r\n'),
(12, 'Nước Hoa Nữ Gucci Bloom Quyến Rũ, Sang Trọng', 'gucci2.jpg', 'Nước Hoa Nữ Gucci Bloom Quyến Rũ, Sang Trọng Và Lôi Cuốn', '<p>Nước Hoa Nữ Gucci Bloom Nettare Fiori EDP Intense 100ML - Quyến Rũ, Sang Trọng</p>\r\n'),
(13, 'Nước Hoa Nữ Chanel Bloom Quyến Rũ, Sang Trọng', 'chanel1.jpg', 'Nước Hoa Nữ Chanel Bloom Quyến Rũ, Sang Trọng', '<p>Nước Hoa Nữ Gucci Bloom Nettare Fiori EDP Intense 100ML - Quyến Rũ, Sang Trọng...</p>\r\n');

-- --------------------------------------------------------

--
-- Cấu trúc bảng cho bảng `products`
--

CREATE TABLE `products` (
  `id` int(11) NOT NULL,
  `productName` varchar(255) COLLATE utf8mb4_vietnamese_ci NOT NULL,
  `productImage` varchar(255) COLLATE utf8mb4_vietnamese_ci NOT NULL,
  `productPrice` double NOT NULL,
  `productDesc` mediumtext COLLATE utf8mb4_vietnamese_ci NOT NULL,
  `quatity` int(11) NOT NULL,
  `productView` int(11) NOT NULL,
  `categoryId` int(11) NOT NULL
) ENGINE=InnoDB DEFAULT CHARSET=utf8mb4 COLLATE=utf8mb4_vietnamese_ci;

--
-- Đang đổ dữ liệu cho bảng `products`
--

INSERT INTO `products` (`id`, `productName`, `productImage`, `productPrice`, `productDesc`, `quatity`, `productView`, `categoryId`) VALUES
(11, 'Nước Hoa Versace Eros EDT 100ml', 'versace1.jpg', 4500000, '<p><strong>Đặc điểm của&nbsp;</strong><strong>Versace</strong><strong>&nbsp;Eros Eau De Toilette</strong></p>\r\n\r\n<ul>\r\n	<li><strong>Thương hiệu:&nbsp;</strong>Versace</li>\r\n	<li><strong>Xuất xứ:</strong>&nbsp;Italia</li>\r\n	<li><strong>Nh&agrave; s&aacute;ng chế:</strong>&nbsp;Aurelien Guichard</li>\r\n	<li><strong>Thời gian ra mắt:&nbsp;</strong>2012</li>\r\n	<li><strong>D&ograve;ng:</strong>&nbsp;EDT &ndash; Eau De Toilette</li>\r\n	<li><strong>Nh&oacute;m hương:&nbsp;</strong>Aromatic Fougere &ndash; Hương thảo mộc</li>\r\n	<li><strong>Phong c&aacute;ch:</strong>Nam t&iacute;nh, gợi cảm, quyến rũ</li>\r\n	<li><strong>Thời gian lưu hương:&nbsp;</strong>L&acirc;u, từ 7 &ndash; 12 tiếng</li>\r\n	<li><strong>Độ tỏa hương:&nbsp;</strong>Xa, tỏa hương trong v&ograve;ng 2m trở lại.</li>\r\n	<li><strong>Hương đầu:</strong>&nbsp;Tr&aacute;i chanh, Tr&aacute;i t&aacute;o xanh, Bạc h&agrave;</li>\r\n	<li><strong>Hương giữa:&nbsp;</strong>Hương Ambroxan, Hoa phong lữ, Đậu Tonka</li>\r\n	<li><strong>Hương cuối:&nbsp;</strong>Cỏ Vetiver, Madagascar Vanilla, Địa y, Gỗ tuyết t&ugrave;ng</li>\r\n	<li><strong>Thời điểm khuy&ecirc;n d&ugrave;ng</strong>: Đ&ocirc;ng, Xu&acirc;n, Thu, Hạ, Ng&agrave;y &ndash; Đ&ecirc;m</li>\r\n</ul>\r\n\r\n<h2>Huyền thoại kinh điển của Versace &ndash; Nước hoa Versace Eros 100ml</h2>\r\n\r\n<h3>Versace Eros Eau De Toilette</h3>\r\n\r\n<p><strong>Nước hoa nam Versace Eros 100ml</strong>&nbsp;ra mắt tr&igrave;nh l&agrave;ng v&agrave;o năm 2012, do ch&iacute;nh b&agrave;n tay của nh&agrave; s&aacute;ng tạo Aurelien Guichard. Lấy cảm hứng từ thần thoại Hy Lạp,&nbsp;<strong>Versace Eros 100ml</strong>&nbsp;xuất hiện với một vẻ đẹp cổ k&iacute;nh, xanh m&aacute;t. Hương thơm của thảo mộc phần n&agrave;o thể hiện sự m&atilde;nh liệt, thu h&uacute;t của ph&aacute;i mạnh.</p>\r\n\r\n<p>&nbsp;</p>\r\n\r\n<p><img alt=\"\" src=\"https://theperfume.vn/wp-content/uploads/2020/08/eros-nuoc-hoa-nam.png\" style=\"height:303px; width:700px\" /></p>\r\n\r\n<h3>&Acirc;m hưởng phương Đ&ocirc;ng đầy mạnh mẽ của Versace Eros EDT</h3>\r\n\r\n<p><a href=\"https://theperfume.vn/nuoc-hoa/nuoc-hoa-versace-eros-eau-de-toilette/\"><strong>Versace Eros Eau De Toilette</strong></a>&nbsp;tập trung khơi gợi v&agrave; thể hiện những kh&aacute;t khao v&agrave; đam m&ecirc; m&atilde;nh liệt tiềm ẩn. Để mở đầu sự mạnh mẽ đ&atilde; được thể hiện một c&aacute;ch tinh tế qua tinh dầu chanh, t&aacute;o xanh v&agrave; bạc h&agrave;. Nốt hương giữa sử dụng hương Ambroxan nhẹ dịu h&ograve;a với c&aacute;i ngọt của đậu Tonka v&agrave; hoa phong lữ. N&oacute; được coi như một lớp hương nền n&acirc;ng đỡ cả chuỗi hương trong sự dịu &ecirc;m, nhẹ nh&agrave;ng. C&agrave;ng về cuối sự mềm mại của hương Vanilla h&ograve;a quyện với gỗ tuyết t&ugrave;ng l&agrave;m gia tăng sự ấm &aacute;p. Trong khi đ&oacute; cỏ Vetiver v&agrave; địa y lại gi&uacute;p cho hương thơm trở n&ecirc;n gợi cảm, cuốn h&uacute;t bất ngờ.</p>\r\n\r\n<p>Với cảm hứng từ thần thoại Hy Lạp n&ecirc;n Versace lu&ocirc;n c&oacute; thiết kế đậm chất nghệ thuật nh&acirc;n loại. H&igrave;nh d&aacute;ng của&nbsp;<strong>nước hoa Versace&nbsp;</strong><strong>Eros 100ml</strong>&nbsp;được nhiều người v&iacute; von l&agrave; chuẩn &ldquo;DNA của Versace&rdquo;. Kho&aacute;c l&ecirc;n m&igrave;nh lớp &aacute;o xanh ngọc chi tiết Medusa đ&aacute;nh mạnh v&agrave;o thị gi&aacute;c t&ocirc;n l&ecirc;n sự ma mị, thần thoại. C&ugrave;ng kiểu họa tiết cổ được đi&ecirc;u khắc tinh xảo chứng minh được sức h&uacute;t &ldquo;khủng&rdquo; của chai&nbsp;<a href=\"https://theperfume.vn/nuoc-hoa/\"><strong>nước hoa&nbsp;</strong></a>n&agrave;y. Đặc biệt biểu tượng Medusa mạ v&agrave;ng được khắc tr&ecirc;n nắp chai thể hiện h&oacute;a sự sang trọng. Nh&igrave;n<strong>&nbsp;Versace&nbsp;</strong><strong>Eros EDT</strong><strong>&nbsp;</strong>giống như một bảo bối quyền năng, gia tăng sức mạnh cho chủ nh&acirc;n của m&igrave;nh. Khiến cho chủ nh&acirc;n của m&igrave;nh chạm tới đỉnh của sự nam t&iacute;nh, gợi cảm v&agrave; đầy thu h&uacute;t.</p>\r\n\r\n<p><img alt=\"\" src=\"https://theperfume.vn/wp-content/uploads/2020/08/nuoc-hoa-nam-Versace-Eros.jpg\" style=\"height:432px; width:700px\" /></p>\r\n', 100, 1, 8),
(12, 'Nước Hoa Le Labo Rose 31', 'lelabo1.jpg', 5250000, '<table cellspacing=\"0\">\r\n	<tbody>\r\n		<tr>\r\n			<td><strong>Thương hiệu&nbsp;&nbsp;</strong></td>\r\n			<td>:</td>\r\n			<td><strong>Le Labo</strong></td>\r\n		</tr>\r\n		<tr>\r\n			<td><strong>Giới t&iacute;nh</strong></td>\r\n			<td>:</td>\r\n			<td>Nước hoa unisex</td>\r\n		</tr>\r\n		<tr>\r\n			<td><strong>Nồng độ&nbsp;&nbsp;&nbsp;&nbsp;&nbsp;</strong></td>\r\n			<td>:</td>\r\n			<td><a href=\"https://vperfume.vn/collections/nong-do-eau-de-parfum\" target=\"_self\">EDP)</a></td>\r\n		</tr>\r\n		<tr>\r\n			<td><strong>Nh&oacute;m hương</strong></td>\r\n			<td>:</td>\r\n			<td>Hương hoa c&oacute; gỗ-xạ hương</td>\r\n		</tr>\r\n		<tr>\r\n			<td><strong>M&ugrave;i hương ch&iacute;nh</strong></td>\r\n			<td>:</td>\r\n			<td>Hoa hồng,&nbsp;Cỏ hương b&agrave;i</td>\r\n		</tr>\r\n		<tr>\r\n			<td><strong>Độ lưu hương&nbsp;&nbsp;</strong></td>\r\n			<td>:</td>\r\n			<td>L&acirc;u - 7h đến 12h</td>\r\n		</tr>\r\n		<tr>\r\n			<td><strong>Độ toả hương</strong></td>\r\n			<td>:</td>\r\n			<td>Gần - Trong v&ograve;ng một c&aacute;nh tay</td>\r\n		</tr>\r\n		<tr>\r\n			<td><strong>Phong c&aacute;ch&nbsp;&nbsp;&nbsp;</strong></td>\r\n			<td>:</td>\r\n			<td>Thanh lịch, Quyến rũ, Thu h&uacute;t</td>\r\n		</tr>\r\n		<tr>\r\n			<td><strong>Xuất xứ&nbsp;</strong></td>\r\n			<td>:</td>\r\n			<td>Mỹ</td>\r\n		</tr>\r\n		<tr>\r\n			<td><strong>Năm ph&aacute;t h&agrave;nh&nbsp;</strong></td>\r\n			<td>:</td>\r\n			<td>2006</td>\r\n		</tr>\r\n	</tbody>\r\n</table>\r\n\r\n<p>Nước hoa unisex<strong>&nbsp;Rose 31 EDP</strong>&nbsp;của thương hiệu Le Labo<strong>&nbsp;</strong>l&agrave; nước hoa hương hoa cỏ gỗ - xạ hương d&agrave;nh cho nam v&agrave; nữ đ&atilde; ra mắt v&agrave;o năm 2006. Chuy&ecirc;n gia nước hoa chế tạo ra hương thơm n&agrave;y l&agrave; Daphne Bugey. Mục ti&ecirc;u của Rose 31 rất r&otilde; r&agrave;ng: thay đổi hoa hồng Grasse nổi tiếng th&agrave;nh một hương thơm quả quyết mạnh mẽ của đ&agrave;n &ocirc;ng. Với Rose 31, thương hiệu Le Labo đ&atilde; tiết lộ sự pha trộn rất gợi cảm giữa m&ugrave;i hương của gỗ v&agrave; hương cay nồng, v&agrave; tất cả tập trung xoay quanh lo&agrave;i hoa hồng v&ocirc; c&ugrave;ng tuyệt vời của ng&agrave;nh nước hoa.</p>\r\n\r\n<p><img alt=\"\" src=\"https://file.hstatic.net/1000339918/file/le-labo-rose-31-edp__5__abe9bf6f0090433a8fd610e0b0f42298_grande.jpg\" style=\"height:600px; width:600px\" /></p>\r\n\r\n<h2><em><strong>M&ocirc; tả m&ugrave;i hương&nbsp;Le Labo Rose 31 EDP</strong></em></h2>\r\n\r\n<p>Nước hoa&nbsp;<strong>Le Labo Rose 31 EDP</strong>&nbsp;c&oacute; 31 th&agrave;nh phần nguy&ecirc;n liệu, theo đuổi trường ph&aacute;i tranh s&aacute;ng tranh tối rất kh&oacute; đo&aacute;n định hay nắm bắt, cũng ko thể ph&acirc;n biệt giới t&iacute;nh khi ai đ&oacute; c&oacute; hương vị n&agrave;y tr&ecirc;n da, bởi l&ecirc;n da nam Rose 31 manly gai g&oacute;c b&iacute; ẩn thu h&uacute;t đầy c&aacute; t&iacute;nh, c&ograve;n l&ecirc;n da nữ Rose 31 lại yểu điệu mềm mại nhung lụa tới tột c&ugrave;ng...</p>\r\n\r\n<p>Le Labo Rose 31 EDP&nbsp;- m&ugrave;i hương best seller của h&atilde;ng- chủ điểm hoa hồng h&ograve;a quyện c&ugrave;ng gỗ v&agrave; gia vị. Tuy nhi&ecirc;n, khi xịt Rose 31 l&ecirc;n da thịt, v&agrave; để m&ugrave;i hương quyện lấy cơ thể m&igrave;nh, bạn sẽ kh&ocirc;ng t&agrave;i n&agrave;o v&agrave; kh&ocirc;ng hiểu nổi tại sao Le Labo lại gọi đ&acirc;y l&agrave; hương hồng. Rose 31 ho&agrave;n to&agrave;n kh&ocirc;ng hồng e thẹn hay hồng yểu điệu. Rose 31 l&agrave; thứ hương thơm thật &ldquo;kh&ocirc;ng phải&rdquo;. Hương hồng rất nhẹ v&agrave; tinh tế, h&ograve;a quyện c&ugrave;ng gỗ v&agrave; gia vị, quấn qu&yacute;t tr&ecirc;n da, vừa trong s&aacute;ng lại vừa khơi gợi. M&ugrave;i hương ngửi &ldquo;v&atilde;&rdquo;, kh&ocirc; the xong lại ướt &aacute;t.&nbsp;</p>\r\n\r\n<p>Rose 31 khiến người ta li&ecirc;n tưởng đến m&ugrave;i hương cơ thể người ta khi hưng phấn. M&ugrave;i hương vừa l&atilde;ng mạn, lại vừa suồng s&atilde;. Tự nhi&ecirc;n, dẫn dụ, phảng phất, vấn v&iacute;t. Vừa khiến người ta t&ograve; m&ograve; h&aacute;o hức, lại vừa đem lại cho người ngửi cảm gi&aacute;c sảng kho&aacute;i dễ chịu</p>\r\n\r\n<p><img alt=\"\" src=\"https://file.hstatic.net/1000339918/file/le-labo-rose-31-edp__1__36ffe60505f54e649cf794f9bd24c343_grande.jpg\" style=\"height:600px; width:600px\" /></p>\r\n', 100, 2, 5),
(13, 'Nước Hoa Nữ Gucci Flora Gorgeous Gardenia ', 'gucci1.jpg', 5950000, '<p><strong>Đặc điểm của nước hoa Gucci Flora Gorgeous Gardenia Eau De Parfum</strong></p>\r\n\r\n<ul>\r\n	<li><strong>Thương hiệu:</strong>&nbsp;Gucci</li>\r\n	<li><strong>Xuất xứ:</strong>&nbsp;Italia</li>\r\n	<li><strong>Thời gian ra mắt:</strong>&nbsp;2021</li>\r\n	<li><strong>Nh&oacute;m hương:&nbsp;</strong>&nbsp;hoa cỏ &ndash; Floral</li>\r\n	<li><strong>Lưu hương:</strong>&nbsp;Trong v&ograve;ng từ 3 tiếng đến 6 tiếng t&ugrave;y vị tr&iacute; xịt</li>\r\n	<li><strong>Tỏa hương:&nbsp;</strong>Trong khoảng c&aacute;ch 1 c&aacute;nh tay</li>\r\n	<li><strong>Hương đầu:</strong>&nbsp;Hoa l&ecirc;</li>\r\n	<li><strong>Hương giữa:&nbsp;</strong>D&agrave;nh d&agrave;nh, hoa nh&agrave;i</li>\r\n	<li><strong>Hương cuối:&nbsp;</strong>Đường n&acirc;u, Hoắc hương</li>\r\n	<li><strong>Phong c&aacute;ch:</strong>&nbsp;Nữ t&iacute;nh, ngọt ng&agrave;o, gợi cảm</li>\r\n	<li><strong>Thời điểm sử dụng:</strong>&nbsp;Xu&acirc;n &ndash; Hạ &ndash; Thu. V&agrave;o ban ng&agrave;y</li>\r\n</ul>\r\n\r\n<h2><strong>Nước hoa Gucci Flora Gorgeous Gardenia</strong>&nbsp;<strong>EDP 100ml</strong></h2>\r\n\r\n<h3><strong>Gucci Flora Gorgeous Gardenia Eau De Parfum</strong></h3>\r\n\r\n<p><strong>Gucci Flora Gorgeous Gardenia Eau De Parfum</strong><a href=\"https://theperfume.vn/nuoc-hoa/nuoc-hoa-gucci-flora-gorgeous-gardenia-edp-100ml/\">&nbsp;</a>l&agrave; chai nước hoa phi&ecirc;n bản mới nhất của d&ograve;ng Gorgeous Gardenia. Một lần nữa sản phẩm lại đem đến một lời giải th&iacute;ch, một kh&iacute;a cạnh kh&aacute;c của thế c&aacute;c lo&agrave;i hoa. Một kh&iacute;a cạnh đầy m&atilde;nh liệt m&agrave; v&ocirc; c&ugrave;ng ngọt ng&agrave;o, cuốn h&uacute;t người đối diện m&atilde;i kh&ocirc;ng cưỡng được.&nbsp;<strong>Gucci Flora Gorgeous Gardenia EDP 100ml</strong>&nbsp;tr&agrave;n đầy năng lượng tươi s&aacute;ng đem đến cho c&aacute;c n&agrave;ng sự gọi cảm v&agrave; nữ t&iacute;nh.</p>\r\n\r\n<p><img alt=\"\" src=\"https://theperfume.vn/wp-content/uploads/2022/01/Gucci-Flora-Gorgeous-Gardenia-Eau-De-Parfum-100ml.png\" style=\"height:583px; width:900px\" /></p>\r\n\r\n<h3><strong>Gucci Flora Gorgeous Gardenia Eau De Parfum</strong></h3>\r\n\r\n<p><strong>Gucci Flora Gorgeous Gardenia Eau De Parfum</strong><a href=\"https://theperfume.vn/nuoc-hoa/nuoc-hoa-gucci-flora-gorgeous-gardenia-edp/\"><strong>&nbsp;</strong></a>ra mắt thị trường nước hoa v&agrave;o năm 2021. Mang trong m&igrave;nh nồng độ tinh chất Eau De Parfum từ 5%-12%, l&agrave; phi&ecirc;n bản c&oacute; nồng độ EDP mới nhất. Giống như c&aacute;c sản phẩm thuộc d&ograve;ng Flora Gorgeous Gardenia, trong chai nước hoa n&agrave;y l&agrave; sự kết hợp ngọt ng&agrave;o của c&aacute;c loại hoa ngập hương hoa v&agrave; sắc m&agrave;u.&nbsp;<strong>Gucci Flora 2021</strong><strong><strong>&nbsp;</strong></strong>cho n&agrave;ng một n&eacute;t hương ngọt ng&agrave;o, tươi s&aacute;ng. L&agrave;m to&aacute;t l&ecirc;n được n&eacute;t đẹp nhẹ nh&agrave;ng nhưng cũng kh&ocirc;ng k&eacute;m phần cuốn h&uacute;t của mỗi người phụ nữ.</p>\r\n\r\n<h3><strong>Hương thơm tươi s&aacute;ng, ngọt ng&agrave;o thổi hồn cho Gucci Flora Gorgeous Gardenia EDP 100ml</strong></h3>\r\n\r\n<p><strong>Flora Gorgeous Gardenia EDP 100ml</strong>&nbsp;tỏa ra hương thơm dẫn lối n&agrave;ng đến với khu vườn tr&agrave;n ngập sắc hương hoa. Hoa l&ecirc; thuộc tầng hương đầu ti&ecirc;n, tỏa ra sự nhẹ nh&agrave;ng, trong trẻo, kh&ocirc;ng hề thơm gắt. M&agrave; thay v&agrave;o đ&oacute; l&agrave; hương ngọt ng&agrave;o kh&oacute; cưỡng. Nốt hương tr&aacute;i tim v&acirc;y quanh bởi sự tinh khiết, ngọt ng&agrave;o được tỏa ra bởi tinh t&uacute;y của hoa nh&agrave;i. Hương hoa d&agrave;nh d&agrave;nh nổi trội nằm ở giữa trung t&acirc;m, tỏa ra sự th&uacute; vị, ngọt ng&agrave;o tươi s&aacute;ng. Sự kết hợp của hương gỗ trầm ấm c&ugrave;ng đường n&acirc;u ngọt ng&agrave;o, thơm ngậy hương thơm vấn vương m&atilde;i tr&ecirc;n l&agrave;n da của n&agrave;ng.</p>\r\n\r\n<p>Lần n&agrave;o Gucci cũng tạo ra bất ngờ bởi sự kết hợp t&agrave;i t&igrave;nh những sắc hương hoa của m&igrave;nh, v&agrave; lần n&agrave;y với<strong>&nbsp;Gucci Flora Gorgeous Gardenia EDP100ml&nbsp;</strong>cũng vậy. Hương thơm nữ t&iacute;nh xen lẫn ngọt ng&agrave;o nhưng kh&ocirc;ng hề thiếu đi phần l&ocirc;i cuốn gi&uacute;p n&agrave;ng th&ecirc;m phần nữ t&iacute;nh, gợi cảm. Trong v&ocirc; v&agrave;n sản phẩm ngập sắc hương th&igrave; d&ograve;ng sản phẩm n&agrave;y vẫn nổi bật l&ecirc;n n&eacute;t thu h&uacute;t rất ri&ecirc;ng.<strong>&nbsp;Gucci Flora Gorgeous Gardenia Eau De Parfum 100 ml&nbsp;</strong>len lỏi v&agrave;o tầng da của n&agrave;ng, gi&uacute;p n&agrave;ng được bao bọc bởi m&ugrave;i hương quyến rũ</p>\r\n', 5, 5, 3),
(14, 'Nước Hoa Nữ Versace Bright EDP 90ml', 'versace2.jpg', 1680000, '<ul>\r\n	<li><strong>Thương hiệu:&nbsp;</strong>Versace.</li>\r\n	<li><strong>Xuất xứ:&nbsp;</strong>&Yacute;.</li>\r\n	<li><strong>Thời gian ra mắt:&nbsp;</strong>2013</li>\r\n	<li><strong>Nh&agrave; s&aacute;ng chế:</strong>&nbsp;Alberto Morillas.</li>\r\n	<li><strong>D&ograve;ng:</strong>&nbsp;Eau De Parfum (EDP).</li>\r\n	<li><strong>Nh&oacute;m hương:&nbsp;</strong>Hương hoa cỏ tr&aacute;i c&acirc;y.</li>\r\n	<li><strong>Phong c&aacute;ch:&nbsp;</strong>Nữ t&iacute;nh, hiện đại, gợi cảm.</li>\r\n	<li><strong>Thời gian lưu hương:&nbsp;</strong>L&acirc;u &ndash; 7 giờ đến 12 giờ.</li>\r\n	<li><strong>Độ tỏa hương:&nbsp;</strong>Gần, tỏa hương trong v&ograve;ng một c&aacute;nh tay.</li>\r\n	<li><strong>Hương đầu:</strong>&nbsp;Quả Yuzu, Quả lựu, Hương nước.</li>\r\n	<li><strong>Hương giữa:&nbsp;</strong>Hoa mẫu đơn, Hoa sen, Quả m&acirc;m x&ocirc;i, Hoa mộc lan.</li>\r\n	<li><strong>Hương cuối:&nbsp;</strong>Hổ ph&aacute;ch, Xạ hương, Gỗ gụ.</li>\r\n	<li><strong>Thời điểm khuy&ecirc;n d&ugrave;ng</strong>: Xu&acirc;n, H&egrave;, Ng&agrave;y, Đ&ecirc;m.</li>\r\n</ul>\r\n\r\n<h2>Nước hoa Versace Bright Crystal Absolu Eau De Parfum 90ml</h2>\r\n\r\n<h3>Nước hoa Versace Bright Crystal</h3>\r\n\r\n<p>Năm 2006, Versace đ&atilde; khuynh đảo giới nước hoa nữ bởi c&aacute;i t&ecirc;n Bright Crystal. Tiếp bước th&agrave;nh c&ocirc;ng, thương hiệu Versace đến từ xứ sở thời trang &Yacute; đ&atilde; bắt tay với Euroitalia v&agrave; qua b&agrave;n tay s&aacute;ng chế của Alberto Morillas danh tiếng cho ra đời&nbsp;Nước hoa Versace Bright Crystal. Được coi l&agrave; &ldquo;phi&ecirc;n bản m&atilde;nh liệt hơn&rdquo; theo lời của chủ tịch Euroitalia &ndash; Giovanni Sgariboldi,<a href=\"https://theperfume.vn/san-pham/nuoc-hoa-nu/nuoc-hoa-versace-nu/\"><strong>&nbsp;</strong></a>vỏ hồng đậm n&agrave;y quả thực l&agrave; lời hối đ&aacute;p lại bao ước nguyện v&agrave; kh&aacute;t khao của những kh&aacute;ch h&agrave;ng kh&oacute; t&iacute;nh nhất.</p>\r\n\r\n<p><img alt=\"\" src=\"https://theperfume.vn/wp-content/uploads/2018/10/versace-dong-bright-crystal-absolu-edp-90ml.png\" style=\"height:600px; width:600px\" /></p>\r\n\r\n<p><strong>Nước hoa Versace Bright Crystal Absolu 90ml&nbsp;</strong>thuộc d&ograve;ng Eau De Parfum, nồng độ tinh dầu cao, c&oacute; độ lưu hương lẫn tỏa hương cực kỳ mạnh mẽ. Nước hoa d&ugrave;ng được mọi thời điểm trong năm, sử dụng cả ng&agrave;y lẫn đ&ecirc;m.</p>\r\n\r\n<p>Chiến dịch phủ s&oacute;ng&nbsp;<strong>Versace&nbsp;</strong><strong>Bright Crystal Absolu</strong><strong>&nbsp;Eau De Parfum&nbsp;</strong>được đại diện bởi Candice Swanepoel. C&ocirc; n&agrave;ng gợi cảm trong bộ trang phục dạ hội lấp l&aacute;nh, nằm tr&ecirc;n sofa, cầm chai nước hoa Versace tr&ecirc;n tay l&agrave; h&igrave;nh ảnh cực kỳ mời gọi, khi&ecirc;u kh&iacute;ch m&agrave; chẳng ai cưỡng lại nổi.</p>\r\n\r\n<p>So với bản gốc Bright Crystal,&nbsp;<strong>nước hoa Versace&nbsp;</strong><strong>Bright Crystal Absolu</strong>&nbsp;thiết kế tương tự, điểm kh&aacute;c biệt chỉ l&agrave; t&ocirc;ng m&agrave;u đậm hơn c&ugrave;ng vỏ carton c&oacute; sự kh&aacute;c biệt. Họa tiết trắng v&agrave; x&aacute;m được lựa chọn tạo n&ecirc;n n&eacute;t thanh lịch cho vỏ ngo&agrave;i của chai nước hoa. Một sự s&aacute;ng tạo đầy thời thượng m&agrave; kh&ocirc;ng mất đi dấu ấn ri&ecirc;ng của Versace. Gợi cảm v&agrave; thu h&uacute;t,&nbsp;<strong>Versace&nbsp;</strong><strong>Bright Crystal Absolu</strong><strong>&nbsp;EDP&nbsp;</strong>chưa từng khiến bất cứ t&iacute;n đồ n&agrave;o thất vọng.</p>\r\n', 100, 4, 8),
(15, 'Nước Hoa Nữ Chanel Gabrielle Essence EDP 100ml', 'chanel2.jpg', 3585000, '<h3>Đặc điểm của nước hoa&nbsp;<strong>Gabrielle Chanel</strong></h3>\r\n\r\n<ul>\r\n	<li><strong>Xuất xứ:&nbsp;</strong>Ph&aacute;p</li>\r\n	<li><strong>Nh&oacute;m nước hoa:</strong>&nbsp;Hương Flora &ndash;&nbsp; nh&oacute;m hoa cỏ</li>\r\n	<li><strong>Năm ra mắt:</strong>&nbsp;2017</li>\r\n	<li><strong>Lưu hương:</strong>&nbsp;Trong khoảng 12 giờ</li>\r\n	<li><strong>Toả hương:</strong>&nbsp;Tỏa hương trong khoảng c&aacute;ch 1 c&aacute;nh tay</li>\r\n	<li><strong>Thời điểm th&iacute;ch hợp:</strong>&nbsp;M&ugrave;a thu, đ&ocirc;ng</li>\r\n	<li><strong>Phong c&aacute;ch:</strong>&nbsp;nữ t&iacute;nh, thanh lịch, quyến rũ</li>\r\n	<li><strong>Hương đầu:</strong>&nbsp;Quả l&yacute; chua đen, bưởi, cam Mandarin</li>\r\n	<li><strong>Hương giữa:</strong>&nbsp;Hoa cam, hoa l&agrave;i, hoa huệ, hoa Ylang Ylang</li>\r\n	<li><strong>Hương cuối:</strong>&nbsp;Gỗ đ&agrave;n hương, xạ hương</li>\r\n</ul>\r\n\r\n<h3>Hương thơm l&ocirc;i cuốn, nữ t&iacute;nh trong mỗi chai nước hoa&nbsp;Gabrielle Chanel 100ml</h3>\r\n\r\n<p>nước hoa&nbsp;Gabrielle Chanel&nbsp;l&agrave; sản phẩm mới nhất của thương hiệu nước hoa Chanel, ra mắt v&agrave;o giữa năm 2017. Chuy&ecirc;n gia nước hoa Olivier Polge l&agrave; người đ&atilde; pha chế l&ecirc;n d&ograve;ng sản phẩm đặc biệt n&agrave;y.</p>\r\n\r\n<p>Hương đầu của<strong>&nbsp;Chanel Gabrielle EDP</strong>&nbsp;to&aacute;t l&ecirc;n sự thanh m&aacute;t, tinh khiết của bưởi, cam Mandarin v&agrave; quả l&yacute; chua đen. Sự kết hợp quả mọng đến từ thi&ecirc;n nhi&ecirc;n n&agrave;y mang đến một ấn tượng đầu ti&ecirc;n kh&aacute; h&agrave;i h&ograve;a, kh&ocirc;ng qu&aacute; nồng hay hắc. D&ugrave; l&agrave; n&eacute;t hương nhẹ nh&agrave;ng nhưng kh&ocirc;ng hề giảm s&uacute;t sự quyến rũ m&agrave; chai nước hoa n&agrave;y mang lại. Lớp hương giữa c&oacute; sự xuất hiện của h&agrave;ng loạt c&aacute;c hương hoa huệ, hoa Ylang Ylang, l&agrave;i, hoa cam khiến hương thơm th&ecirc;m phần tinh tế. Cuối c&ugrave;ng,<strong>&nbsp;</strong>kết th&uacute;c bằng lớp hương ấm &aacute;p đươc kết hợp từ gỗ đ&agrave;n hương v&agrave; xạ hương bao quanh c&aacute;c c&ocirc; n&agrave;ng..</p>\r\n\r\n<p><img alt=\"\" src=\"https://theperfume.vn/wp-content/uploads/2019/01/nuoc-hoa-gabrielle-chanel-100ml-for-women.jpg\" style=\"height:400px; width:600px\" /></p>\r\n\r\n<p><strong>Chanel Gabrielle</strong>&nbsp;l&agrave; nước hoa d&agrave;nh cho c&aacute;c c&ocirc; g&aacute;i c&oacute; độ tuổi từ 25 trở l&ecirc;n bởi mang n&oacute; mang phong c&aacute;ch sang trọng qu&yacute; ph&aacute;i pha lẫn ch&uacute;t hiện đại. Hương thơm l&ocirc;i cuốn từ thi&ecirc;n nhi&ecirc;n nhưng kh&ocirc;ng qu&aacute; nồng hắc chắc chắn sẽ l&agrave;m h&agrave;i l&ograve;ng bất cứ c&ocirc; g&aacute;i n&agrave;o. Theo nghi&ecirc;n cứu về m&ugrave;i hương th&igrave; thời điểm sử dụng&nbsp;<strong>Chanel Gabrielle Eau De Parfum&nbsp;</strong>tốt nhất đ&oacute; thời điểm ban ng&agrave;y khi thời tiết c&oacute; ch&uacute;t se lạnh của m&ugrave;a thu đ&ocirc;ng hoặc m&aacute;t mẻ của m&ugrave;a xu&acirc;n.</p>\r\n\r\n<p><strong>Nước hoa nữ</strong>&nbsp;Gabrielle Chanel Eau De Parfum<strong>&nbsp;</strong>c&oacute; thi&ecirc;́t k&ecirc;́ vu&ocirc;ng vắn, sang trọng với lớp vỏ bằng thủy tinh trong suốt nh&igrave;n thấy r&otilde; dung dịch m&agrave;u v&agrave;ng &oacute;ng b&ecirc;n trong. Về tổng thể thiết kế v&agrave; m&ugrave;i hương đều rất ấn tượng.</p>\r\n', 100, 3, 2),
(16, 'Nước Hoa Nữ Nartiso Rodriguez EDP', 'naciso1.jpg', 2190000, '<h3>Đặc điểm của Narciso Rodriguez Narciso Rouge Eau De Parfum</h3>\r\n\r\n<ul>\r\n	<li><strong>H&atilde;ng:</strong>&nbsp;Narciso Rodriguez</li>\r\n	<li><strong>Xuất xứ:</strong>&nbsp;Mỹ</li>\r\n	<li><strong>Nh&oacute;m:</strong>&nbsp;Floral Woody Musk &ndash; Hương hoa cỏ, gỗ, xạ hương.</li>\r\n	<li><strong>Năm tr&igrave;nh l&agrave;ng:</strong>&nbsp;2018</li>\r\n	<li><strong>Nh&agrave; s&aacute;ng chế:</strong>&nbsp;Nadege Le Garlantezec v&agrave; Sonia Constant</li>\r\n	<li><strong>Thời gian lưu hương:</strong>&nbsp;Trung b&igrave;nh, 3 cho tới 6 tiếng</li>\r\n	<li><strong>Khả năng toả hương:</strong>&nbsp;Gần, chỉ trong khoảng 1 c&aacute;nh tay</li>\r\n	<li><strong>N&ecirc;n d&ugrave;ng v&agrave;o:</strong>&nbsp;Ng&agrave;y, Đ&ecirc;m</li>\r\n	<li><strong>M&ugrave;a:</strong>&nbsp;Xu&acirc;n, H&egrave;, Thu, Đ&ocirc;ng</li>\r\n	<li><strong>Hương đầu (Top note):</strong>&nbsp;Hoa di&ecirc;n vỹ, hoa hồng Bulgaria</li>\r\n	<li><strong>Hương giữa (Heart note):</strong>&nbsp;Xạ hương</li>\r\n	<li><strong>Hương cuối (Base note):&nbsp;</strong>Cỏ hương b&agrave;i, đậu Tonka, tuyết t&ugrave;ng trắng v&agrave; đen.</li>\r\n	<li><strong>Hương ch&iacute;nh:</strong>&nbsp;Xạ hương, hoa di&ecirc;n vỹ</li>\r\n	<li><strong>Phong c&aacute;ch:</strong>&nbsp;B&iacute; ẩn, gợi cảm.</li>\r\n</ul>\r\n\r\n<h2>&nbsp; &nbsp; &nbsp;Nước hoa nữ Narciso Rodriguez v&agrave; phi&ecirc;n bản đỏ cực hot</h2>\r\n\r\n<p>2003 l&agrave; thời điểm m&agrave; Narciso Rodriguez &ndash; nh&agrave; thiết kế trẻ t&agrave;i ba người Mỹ gốc Cuba tr&igrave;nh l&agrave;ng d&ograve;ng nước hoa đầu ti&ecirc;n của m&igrave;nh mang t&ecirc;n nước hoa Narciso For Her. Ngay lập tức m&ugrave;i hương nữ t&iacute;nh n&agrave;y trở th&agrave;nh c&aacute;i t&ecirc;n b&aacute;n chạy nhất ở Mỹ cũng như ghi danh v&agrave;o top list&nbsp;<a href=\"https://theperfume.vn/nuoc-hoa/\"><strong>nước hoa</strong></a>&nbsp;được săn đ&oacute;n nhất tr&ecirc;n thế giới. Mở đầu với chai nước hoa hiện đại, tươi mới d&agrave;nh cho ph&aacute;i nữ, Narciso Rodriguez tiếp tục h&agrave;nh tr&igrave;nh x&acirc;y dựng &ldquo;đế chế&rdquo; m&ugrave;i hương với phi&ecirc;n bản nước hoa d&agrave;nh cho nam giới v&agrave;o năm 2007. Cho đến nay, thương hiệu đ&igrave;nh đ&aacute;m xứ cờ hoa Narciso Rodriguez đ&atilde; cho ra mắt rất nhiều si&ecirc;u phẩm ấn tượng, cả cho nam v&agrave; nữ.</p>\r\n\r\n<p>&nbsp;</p>\r\n\r\n<p><img alt=\"\" src=\"https://theperfume.vn/wp-content/uploads/2020/08/nuoc-hoa-narciso-rouge-eau-de-parfum.jpg\" style=\"height:857px; width:800px\" /></p>\r\n\r\n<p>Narciso Rodriguez lu&ocirc;n muốn tạo n&ecirc;n những sản phẩm nước hoa gi&uacute;p ph&aacute;i nữ cảm thấy y&ecirc;u thương bản th&acirc;n m&igrave;nh hơn như d&ugrave;ng một thứ vũ kh&iacute; ri&ecirc;ng để bản th&acirc;n cảm thấy gợi cảm, quyến rũ v&agrave; tự tin hơn.</p>\r\n\r\n<p>Đại diện h&igrave;nh ảnh cho d&ograve;ng nước hoa n&agrave;y Narciso Rouge ch&iacute;nh l&agrave; Raquel Zimmermann &ndash; si&ecirc;u mẫu đắt gi&aacute; bậc nhất Brazil.</p>\r\n\r\n<p>N&oacute;i về tầng hương&nbsp;<strong>nước hoa Narciso Rodriguez Narciso Rouge Eau De Parfum&nbsp;</strong>chẳng kh&aacute;c n&agrave;o bật m&iacute; c&aacute;ch một c&ocirc; g&aacute;i hiện đại, th&ocirc;ng minh, b&iacute; ẩn m&agrave; th&uacute; vị quyến rũ ph&aacute;i mạnh. Vừa mềm mại, nữ t&iacute;nh, kh&eacute;o l&eacute;o d&ugrave;ng những vũ kh&iacute; &ecirc;m dịu để chi&ecirc;u dụ ho&agrave;n to&agrave;n đối phương, như cuốn họ v&agrave;o một v&ograve;ng tr&ograve;n đam m&ecirc; kh&ocirc;ng c&oacute; lốt tho&aacute;t.&nbsp;<strong>Nước hoa Narciso đỏ&nbsp;</strong>mở đầu c&acirc;u chuyện t&igrave;nh l&atilde;ng mạn với di&ecirc;n vĩ, với hồng Bulgaria ngọt ng&agrave;o, để rồi ngay lập tức xạ hương huyền b&iacute;, nồng n&agrave;n h&ograve;a v&agrave;o, lưu luyến m&atilde;i chẳng chịu rời đo. Dấu ấn ở hương cuối đọng lại l&agrave; gỗ tuyết t&ugrave;ng n&oacute;ng ẩm, l&agrave; cỏ hương b&agrave;i duy&ecirc;n d&aacute;ng, thanh lịch, l&agrave; đậu tonka sang trọng bao phủ. C&uacute; chạm ở từng nốt hương đều trọn vẹn v&agrave; say đắm.</p>\r\n', 100, 18, 6),
(17, 'Nước Hoa Gucci Memoire D’une EDP', 'gucci2.jpg', 2250000, '<p><strong>Đặc điểm của Gucci&nbsp;Memoire D&rsquo;une Odeur Eau De Parfum</strong></p>\r\n\r\n<ul>\r\n	<li><strong>Thương hiệu:</strong>&nbsp;Gucci</li>\r\n	<li><strong>Xuất xứ:</strong>&nbsp;Italia</li>\r\n	<li><strong>Nh&agrave; s&aacute;ng chế:&nbsp;</strong>Alberto Morillas</li>\r\n	<li><strong>Thời gian ra mắt:</strong>&nbsp;2019</li>\r\n	<li><strong>Nh&oacute;m hương:</strong></li>\r\n	<li><strong>Thời gian giữ m&ugrave;i:</strong>&nbsp;Trung b&igrave;nh, từ 3 đến 6 tiếng</li>\r\n	<li><strong>Độ b&aacute;m tỏa:</strong>&nbsp;Gần, Trong v&ograve;ng một c&aacute;nh tay</li>\r\n	<li><strong>Hương đầu:</strong>&nbsp;Hạnh nh&acirc;n đắng, Hoa c&uacute;c La M&atilde;</li>\r\n	<li><strong>Hương giữa:&nbsp;</strong>Hoa nh&agrave;i, Xạ hương, Hoa nh&agrave;i Ấn Độ</li>\r\n	<li><strong>Hương cuối:&nbsp;</strong>Gỗ tuyết t&ugrave;ng, Vanilla, Gỗ đ&agrave;n hương</li>\r\n	<li><strong>Phong c&aacute;ch:</strong>&nbsp;Tinh tế, B&iacute; ẩn</li>\r\n	<li><strong>Thời điểm sử dụng th&iacute;ch hợp:</strong>&nbsp;M&ugrave;a xu&acirc;n &ndash; M&ugrave;a hạ &ndash; M&ugrave;a thu, Ban ng&agrave;y</li>\r\n</ul>\r\n\r\n<h3><strong>Gucci Memoire D&rsquo;une Odeur Eau De Parfum</strong></h3>\r\n\r\n<p><strong>Gucci Memoire D&rsquo;une Odeur Eau De Parfum</strong><a href=\"https://theperfume.vn/nuoc-hoa/nuoc-hoa-gucci-memoire-dune-odeur-eau-de-parfum/\"><strong>&nbsp;</strong></a>được ra mắt trong năm 2019. Đ&acirc;y l&agrave; một m&ugrave;i hương mới của nh&agrave; Gucci khi m&agrave; n&oacute; kh&ocirc;ng ph&acirc;n biệt giới t&iacute;nh hay thời gian tuổi t&aacute;c, cho bất cứ ai cũng c&oacute; thể sử dụng. Hương thơm h&ocirc; biến ta trở th&agrave;nh nh&agrave; th&aacute;m hiểm đi kh&aacute;m ph&aacute; k&iacute; ức của ch&iacute;nh m&igrave;nh, cho ta sống lại với những k&iacute; ức ấy.&nbsp;<strong>Nước hoa Gucci xanh </strong>nhẹ nh&agrave;ng đưa ta kh&aacute;m ph&aacute; những cũng bậc cảm x&uacute;c qua hương thơm ch&acirc;n thực, tho&aacute;ng m&aacute;t v&agrave; tinh tế.</p>\r\n\r\n<p>&nbsp; &nbsp; &nbsp; &nbsp; &nbsp; &nbsp; &nbsp; &nbsp; &nbsp; &nbsp; &nbsp; &nbsp; &nbsp; &nbsp; &nbsp; &nbsp; &nbsp; &nbsp; &nbsp; &nbsp; &nbsp; &nbsp; &nbsp; &nbsp; &nbsp; &nbsp; &nbsp; &nbsp; &nbsp; &nbsp; &nbsp; &nbsp; &nbsp; &nbsp; &nbsp;<img alt=\"\" src=\"https://theperfume.vn/wp-content/uploads/2021/09/Mem-oire-Du-ne-Od-eur-100ml.png\" style=\"height:775px; width:900px\" /></p>\r\n\r\n<p>&nbsp; &nbsp; &nbsp; &nbsp; Gucci M&eacute;moire D&rsquo;Une Odeur l&agrave; sự h&ograve;a quyện giữa những hương thơm tươi m&aacute;t, trong s&aacute;ng v&agrave; nồng n&agrave;n khiến cho bất kỳ ai cũng kh&oacute; c&oacute; thể cưỡng lại được. Gucci M&eacute;moire D&rsquo;Une Odeur d&ugrave;ng cho cả nam lẫn nữ l&agrave; thứ m&agrave; ngay cả khi nhắm mắt lại, n&oacute; cũng sẽ đưa bạn đến một khoảnh khoắc ch&iacute;nh x&aacute;c kh&ocirc;ng gian v&agrave; thời gian.M&ocirc; tả m&ugrave;i hương Gucci M&eacute;moire D&rsquo;Une Odeur EDP Nước hoa Gucci M&eacute;moire D&rsquo;Une Odeur EDP với hương thơm tươi m&aacute;t, trong s&aacute;ng v&agrave; nồng n&agrave;n, lưu lại sự l&ocirc;i cuốn của bạn. Lớp hương đầu mở ra với những nốt hương xanh m&aacute;t của hoa c&uacute;c La M&atilde; v&agrave; hoa nh&agrave;i san h&ocirc; Ấn Độ. Tiếp nối l&agrave; hương thơm chủ đạo xuất ph&aacute;t từ Ấn Độ: mật ong v&agrave; hoa nh&agrave;i san h&ocirc; được pha trộn theo c&ocirc;ng thức độc quyền. Lớp hương cuối kh&eacute;p lại với hương thơm ấm &aacute;p từ gỗ đ&agrave;n hương, ch&uacute;t tinh tế của gỗ tuyết t&ugrave;ng v&agrave; sự ngọt ng&agrave;o của vanilla. Vốn l&agrave; m&ugrave;i hương d&agrave;nh cho cả nam lẫn nữ, lớp hương cuối với sự bổ trợ của đ&agrave;n hương v&agrave; tuyết t&ugrave;ng đ&atilde; phần n&agrave;o đan xen, tạo n&ecirc;n vẻ vững v&agrave;ng v&agrave; phần n&agrave;o mạnh mẽ, kh&ocirc;ng qu&ecirc;n gọt giũa cho mềm mại với Vani ngọt ấm quen thuộc. &quot;Thật ra m&ugrave;i hương t&aacute;i hiện tất cả những k&yacute; ức m&agrave; ch&uacute;ng ta đ&atilde;, đang v&agrave; sẽ c&oacute;. N&oacute; đưa ta đến những nơi đ&atilde; từng đi qua, đang ở hay sẽ đến. T&ocirc;i kh&ocirc;ng muốn tạo ra Memoire D&rsquo;une Odeur cho giới t&iacute;nh cố định n&agrave;o, v&igrave; thật ra ai cũng cần phải c&oacute; k&yacute; ức&rdquo;, Alessandro Michele bộc bạch.</p>\r\n', 100, 31, 3),
(18, 'Nước Hoa Dior Sauvage EDP 100ml', 'dior1.jpg', 2980000, '<ul>\r\n	<li><strong>Thương hiệu:&nbsp;</strong>Dior</li>\r\n	<li><strong>Xuất xứ:&nbsp;</strong>Ph&aacute;p</li>\r\n	<li><strong>Thời gian ra mắt:&nbsp;</strong>2015</li>\r\n	<li><strong>D&ograve;ng:&nbsp;</strong>Eau De Toilette (EDT).</li>\r\n	<li><strong>Nh&agrave; s&aacute;ng chế:&nbsp;</strong>Francois Demachy.</li>\r\n	<li><strong>Nh&oacute;m hương:&nbsp;</strong>Hương Cam Qu&yacute;t.</li>\r\n	<li><strong>Thời gian lưu hương:&nbsp;</strong>Rất l&acirc;u &ndash; Tr&ecirc;n 12 giờ.</li>\r\n	<li><strong>Độ tỏa hương:&nbsp;</strong>Xa &ndash; Toả hương trong v&ograve;ng b&aacute;n k&iacute;nh 1 m&eacute;t.</li>\r\n	<li><strong>Phong c&aacute;ch:&nbsp;</strong>Nam t&iacute;nh, tự nhi&ecirc;n, mạnh mẽ.</li>\r\n	<li><strong>Hương đầu:</strong>&nbsp;Cam Bergamot, hạt ti&ecirc;u.</li>\r\n	<li><strong>Hương giữa:&nbsp;</strong>Hoa phong lữ, oải hương, ti&ecirc;u hồng, ti&ecirc;u tứ xuy&ecirc;n, cỏ vetiver, c&acirc;y patchaoli.</li>\r\n	<li><strong>Hương cuối:&nbsp;</strong>Ambroxan, nhựa labdanum, hương gỗ.</li>\r\n	<li><strong>Thời điểm khuy&ecirc;n d&ugrave;ng</strong>: H&egrave;, Thu, Ng&agrave;y, Đ&ecirc;m.</li>\r\n	<li><strong>Độ tuổi khuy&ecirc;n d&ugrave;ng</strong>: 20.</li>\r\n</ul>\r\n\r\n<h3><strong>Nước Hoa Dior Sauvage</strong></h3>\r\n\r\n<p>Một trong những m&ugrave;i hương nam t&iacute;nh được c&aacute;c đấng m&agrave;y r&acirc;u ưa chuộng kh&ocirc;ng thể kh&ocirc;ng nhắc đến Dior Sauvage. Chai nước hoa đến từ thương hiệu Christian Dior mang đến một vẻ nam t&iacute;nh, mạnh mẽ v&agrave; cuốn h&uacute;t. Hương thơm phổ biến v&agrave; được y&ecirc;u th&iacute;ch đến nỗi dường như ai cũng sở hữu cho m&igrave;nh một chai. Với nhu cầu l&agrave;m đẹp nhanh gọn hiện nay kh&ocirc;ng chỉ đến từ ph&aacute;i đẹp m&agrave; ph&aacute;i mạnh cũng rất quan t&acirc;m. Hiểu được vẫn về n&agrave;y m&agrave;&nbsp;<strong>Nước Hoa Dior Sauvage</strong>&nbsp;đ&atilde; ra đời. M&oacute;n qu&agrave; m&agrave; h&atilde;ng d&agrave;nh tặng c&aacute;c ch&agrave;ng l&agrave; một chai nước hoa fullsize, đi k&egrave;m l&agrave; một chai nước hoa mini v&agrave; tu&yacute;p kem dưỡng da sau cạo r&acirc;u.</p>\r\n\r\n<p>&nbsp; &nbsp; &nbsp; &nbsp; &nbsp; &nbsp; &nbsp; &nbsp; &nbsp; &nbsp; &nbsp; &nbsp; &nbsp; &nbsp; &nbsp; &nbsp; &nbsp; &nbsp; &nbsp; &nbsp; &nbsp; &nbsp; &nbsp; &nbsp; &nbsp; &nbsp; &nbsp; &nbsp; &nbsp; &nbsp; &nbsp; &nbsp; &nbsp; &nbsp; &nbsp; &nbsp; &nbsp; &nbsp; &nbsp; &nbsp; &nbsp; &nbsp;<img alt=\"\" src=\"https://theperfume.vn/wp-content/uploads/2018/09/sauvage-dior-60ml.png\" style=\"height:401px; width:600px\" /></p>\r\n\r\n<p>&nbsp; &nbsp; N&acirc;ng cấp v&agrave; ph&aacute;t triển, Sauvage quay trở lại với m&ugrave;i hương ấn tượng, trưởng th&agrave;nh hơn nữa.&nbsp;<strong>Sauvage Parfum 100ml</strong><strong>&nbsp;</strong>cho ch&agrave;ng kh&aacute;m ph&aacute; sự quyến rũ, cuốn h&uacute;t nằm trong n&eacute;t hoang d&atilde; ở con người m&igrave;nh.&nbsp;<strong>Dior Sauvage Parfum 100ml</strong><strong>&nbsp;</strong>nổi trội giữa <strong>thế giới nước hoa</strong>&nbsp;với h&agrave;ng ng&agrave;n hương thơm mang phong c&aacute;ch kh&aacute;c nhau. Kết hợp c&ugrave;ng cơ thể rắn chắc của ch&agrave;ng hương thơm sẽ g&acirc;y thương nhớ cho bất k&igrave; ai chạm phải m&ugrave;i hương n&agrave;y.</p>\r\n\r\n<pre>\r\n<strong>Vẻ ngo&agrave;i sang trọng, đơn giản của nước hoa Dior Sauvage Parfum 100ml</strong></pre>\r\n\r\n<p><strong><strong>Dior Sauvage Parfum 100ml</strong>&nbsp;</strong>vẫn giữ nguy&ecirc;n thiết kế của Sauvage phi&ecirc;n bản gốc. Chai <strong>nước hoa</strong>&nbsp;h&igrave;nh trụ tr&ograve;n cầm chắc tr&ecirc;n tay. Để kh&aacute;c biệt hơn với những phi&ecirc;n bản trước sản phẩm khắc l&ecirc;n m&igrave;nh m&agrave;u xanh đen đậm hơn. Sắc xanh đen thể hiện sự lịch l&atilde;m, trưởng th&agrave;nh lại c&oacute; đ&ocirc;i ch&uacute;t bi ẩn khiến người ta phải t&ograve; m&ograve;. Nắp chai m&agrave;u đen s&aacute;ng b&oacute;ng với những đường g&acirc;n cắt kh&uacute;c to&aacute;t k&ecirc;n sự mạnh mẽ, nam t&iacute;nh cho to&agrave;n bộ sản phẩm.&nbsp;<strong>Sauvage Parfum 100ml</strong>&nbsp;chắc chắn sẽ l&agrave; trải nghiệm tuyệt vời d&agrave;nh cho c&aacute;c ch&agrave;ng.</p>\r\n', 100, 1, 4),
(19, 'Nước Hoa Le Labo 13 Another', 'lelabo2.jpg', 7850000, '<p><strong>Đặc điểm của&nbsp;<strong>Le Labo Another 13</strong>&nbsp;Eau De&nbsp;<strong>Parfum</strong></strong></p>\r\n\r\n<ul>\r\n	<li><strong>Thương hiệu:&nbsp;</strong>Le Labo</li>\r\n	<li><strong>Xuất xứ:</strong>&nbsp;USA</li>\r\n	<li><strong>Nh&agrave; pha chế:&nbsp;</strong>Nathalie Lorson</li>\r\n	<li><strong>Thời gian ra mắt:</strong>&nbsp;2010</li>\r\n	<li><strong>Nồng độ:</strong>&nbsp;EDP &ndash; Eau De Parfum</li>\r\n	<li><strong>Nh&oacute;m hương:</strong>&nbsp;Amber Woody &ndash; Hương gỗ phương đ&ocirc;ng</li>\r\n	<li><strong>Độ tỏa hương:&nbsp;</strong>Gần, trong v&ograve;ng một c&aacute;nh tay</li>\r\n	<li><strong>Thời gian lưu hương:</strong>&nbsp;L&acirc;u, từ 7 &ndash; 12 tiếng</li>\r\n	<li><strong>Phong c&aacute;ch:&nbsp;</strong>Tinh tế, Thanh lịch</li>\r\n	<li><strong>Hương đầu:</strong>&nbsp;Long di&ecirc;n hương, Hương Iso E Super, Xạ hương, Tr&aacute;i l&ecirc;, Hạt v&ocirc;ng vang, Amyl Salicylate</li>\r\n	<li><strong>Thời điểm sử dụng th&iacute;ch hợp:</strong>&nbsp;M&ugrave;a xu&acirc;n &ndash; M&Ugrave;a hạ &ndash; M&ugrave;a thu &ndash; M&ugrave;a đ&ocirc;ng, Ng&agrave;y &ndash; Đ&ecirc;m</li>\r\n</ul>\r\n\r\n<p><strong>&nbsp;Le Labo Another 13<a href=\"https://theperfume.vn/nuoc-hoa/nuoc-hoa-le-labo-another-13-edp-100ml/\">&nbsp;</a></strong>l&agrave; chai nước hoa Unisex đến tư thương hiệu Le Labo. Đ&atilde; hơn 10 năm kể ng&agrave;y chai nước hoa n&agrave;y ra đời nhưng độ nổi tiếng của chai nước hoa ng&agrave;y c&agrave;ng tăng khi m&agrave; nước hoa nichie ng&agrave;y c&agrave;ng được y&ecirc;u th&iacute;ch. L&agrave; một người y&ecirc;u th&iacute;ch sự tinh tế, thanh lịch m&agrave; kh&ocirc;ng qu&aacute; đơn giản chắc chắn bạn phải d&ugrave;ng thử sản phẩm n&agrave;y.&nbsp;<strong>Le Labo Another 13 100ml</strong>&nbsp;cho những cảm nhận thật sạch sẽ v&agrave; tinh tươi như tờ giấy trắng. Nh&oacute;m hương gỗ phương đ&ocirc;ng sẽ đưa bạn đi từ bất ngờ n&agrave;y đến bất ngờ kh&aacute;c.</p>\r\n\r\n<p>&nbsp; &nbsp; &nbsp; &nbsp; &nbsp; &nbsp; &nbsp; &nbsp; &nbsp; &nbsp; &nbsp; &nbsp; &nbsp; &nbsp; &nbsp; &nbsp; &nbsp; &nbsp; &nbsp; &nbsp; &nbsp; &nbsp; &nbsp; &nbsp; &nbsp; &nbsp; &nbsp; &nbsp; &nbsp; &nbsp; &nbsp; &nbsp;<img alt=\"\" src=\"https://theperfume.vn/wp-content/uploads/2021/12/L-e-La-bo-Ano-ther-1-3-100ml.png\" style=\"height:900px; width:900px\" /></p>\r\n\r\n<p>Nước Hoa Le Labo 13 Another 50ML - Đẳng Cấp, Sang Trọng. B&ecirc;n cạnh đ&oacute;, Hương Iso E Super v&agrave; Hương Amyl Salicylate l&agrave; hai hương bạn c&oacute; thể dễ d&agrave;ng cảm nhận được nhất khi sử dụng nước hoa n&agrave;y. Le La</p>\r\n', 100, 1, 5),
(20, 'Nước Hoa Chanel Coco Noir EDP Cho Nữ 100ml', 'chanel1.jpg', 3690000, '<h3><strong>Đặc điểm của nước hoa Chanel Coco Noir Eau De Parfum&nbsp;</strong></h3>\r\n\r\n<ul>\r\n	<li><strong>Xuất xứ:</strong>&nbsp;Ph&aacute;p</li>\r\n	<li><strong>Thời điểm ra mắt:</strong>&nbsp;2012</li>\r\n	<li><strong>Nh&oacute;m hương:</strong>&nbsp;Gỗ phương Đ&ocirc;ng</li>\r\n	<li><strong>Nh&agrave; s&aacute;ng tạo</strong><strong>:</strong>&nbsp;Christopher Cheldrake; Jacques Polge</li>\r\n	<li><strong>Phong c&aacute;ch:</strong>&nbsp;Nữ t&iacute;nh, c&aacute; t&iacute;nh, b&iacute; ẩn</li>\r\n	<li><strong>Thời gian lưu hương:</strong>&nbsp;Trong khoảng 10 tiếng</li>\r\n	<li><strong>Độ toả hương:&nbsp;</strong>Trong v&ograve;ng b&aacute;n k&iacute;nh 2m</li>\r\n	<li><strong>Thời điểm khuy&ecirc;n d&ugrave;ng:</strong>&nbsp;Khi thời tiết m&aacute;t mẻ, lạnh như m&ugrave;a thu đ&ocirc;ng</li>\r\n	<li><strong>Hương đầu:</strong>&nbsp;Cam Bergamot, Cam, Bưởi hồng</li>\r\n	<li><strong>Hương giữa:</strong>&nbsp;Tr&aacute;i đ&agrave;o, hoa nh&agrave;i, hoa thủy ti&ecirc;n, hoa hồng, hoa phong lữ</li>\r\n	<li><strong>Hương cuối:</strong>&nbsp;Nhựa hương, đậu tonka, đ&agrave;n hương, hoắc hương, xạ hương, vani</li>\r\n</ul>\r\n\r\n<h3>&nbsp;</h3>\r\n\r\n<p>&nbsp; &nbsp; &nbsp;Nước hoa Chanel Coco Noir&nbsp;khiến c&aacute;c qu&yacute; c&ocirc; ng&acirc;y ngất v&igrave; hương thơm nồng n&agrave;n, b&iacute; ẩn, quyến rũ. Nếu d&ograve;ng nước hoa Chanel No.5. cho c&aacute;c n&agrave;ng cảm gi&aacute;c thanh lịch, nữ t&iacute;nh xen v&agrave;o ch&uacute;t cổ k&iacute;nh, vintage của người phụ nữ ng&agrave;y xưa. Th&igrave; Chanel Coco lại cho cảm gi&aacute;c ho&agrave;n to&agrave;n kh&aacute;c. M&ugrave;i hương c&ugrave;ng thiết kế của n&oacute; mang đến sự mạnh mẽ trong mỗi c&ocirc; g&aacute;i, thể hiện r&otilde; c&aacute; t&iacute;nh, mang theo n&eacute;t b&iacute; ẩn h&uacute;t hồn.</p>\r\n\r\n<p>&nbsp; &nbsp; &nbsp; &nbsp; &nbsp; &nbsp; &nbsp; &nbsp; &nbsp; &nbsp; &nbsp; &nbsp; &nbsp; &nbsp; &nbsp; &nbsp; &nbsp; &nbsp; &nbsp; &nbsp; &nbsp; &nbsp; &nbsp; &nbsp; &nbsp; &nbsp; &nbsp; &nbsp; &nbsp; &nbsp; &nbsp; &nbsp; &nbsp; &nbsp; &nbsp; &nbsp; &nbsp; &nbsp; &nbsp; &nbsp; &nbsp; &nbsp; &nbsp;<img alt=\"\" src=\"https://theperfume.vn/wp-content/uploads/2019/01/nuoc-hoa-chanel-coco-noir-edp-100ml.png\" style=\"height:542px; width:600px\" />&nbsp;</p>\r\n\r\n<p>&nbsp; &nbsp;Sản phẩm n&agrave;y được rất nhiều người v&iacute; như một kh&uacute;c nhạc trữ t&igrave;nh &ecirc;m dịu v&agrave; du dương mang đến cảm gi&aacute;c bất tận cho người sử dụng lẫn những người xung quanh khi kh&aacute;m ph&aacute;. Những hương thơm nồng n&agrave;n, kỳ diệu v&agrave; đầy</p>\r\n', 100, 15, 2),
(21, 'Nước Hoa Nữ Dior Hypnotic Poison EDT ', 'dior2.jpg', 2800000, '<ul>\r\n	<li><strong>Thương hiệu:&nbsp;</strong>Dior</li>\r\n	<li><strong>Xuất xứ:&nbsp;</strong>Ph&aacute;p</li>\r\n	<li><strong>Thời gian ra mắt:&nbsp;</strong>1998</li>\r\n	<li><strong>D&ograve;ng:&nbsp;</strong>Eau De Toilette (EDT).</li>\r\n	<li><strong>Nh&agrave; s&aacute;ng chế:&nbsp;</strong>Annick Menardo.</li>\r\n	<li><strong>Nh&oacute;m hương:</strong>&nbsp;Hương Oriental Vanilla (Hương vani phương Đ&ocirc;ng).</li>\r\n	<li><strong>Thời gian lưu hương:&nbsp;</strong>Rất l&acirc;u &ndash; Tr&ecirc;n 12 giờ.</li>\r\n	<li><strong>Độ tỏa hương:&nbsp;</strong>Xa &ndash; Toả hương trong v&ograve;ng b&aacute;n k&iacute;nh 2 m&eacute;t.</li>\r\n	<li><strong>Phong c&aacute;ch:&nbsp;</strong>Cổ điển, quyến rũ.</li>\r\n	<li><strong>Hương đầu:</strong>&nbsp;Quả mơ, Quả mận, Quả dừa.</li>\r\n	<li><strong>Hương giữa:&nbsp;</strong>Hoa huệ trắng, Hoa nh&agrave;i, Hoa linh lan, Hoa hồng, Gỗ cẩm lai Brazil, Th&igrave; l&agrave; Ba Tư.</li>\r\n	<li><strong>Hương cuối:&nbsp;</strong>Gỗ đ&agrave;n hương, Hạnh nh&acirc;n, Hương Va ni, Xạ hương.</li>\r\n</ul>\r\n\r\n<h2>&nbsp;</h2>\r\n\r\n<h3>Nước hoa Dior Hypnotic Poison</h3>\r\n\r\n<p>Trong giới m&ugrave;i hương vẫn lưu giữ truyền thuyết về một lọ nước hoa &ldquo;thuốc độc&rdquo; c&oacute; khả năng khiến bất cứ ai &ldquo;chết lịm&rdquo; trong sự l&ocirc;i cuốn đầy ng&ocirc;ng cuồng. T&aacute;o bạo, b&iacute; ẩn nhưng m&ecirc; hoặc, nữ t&iacute;nh, &ldquo;huyền thoại&rdquo; say đắm l&ograve;ng người n&agrave;y ch&iacute;nh l&agrave;&nbsp;Nước hoa Dior Hypnotic Poison. Pha trộn n&ecirc;n bằng những nốt hương độc đ&aacute;o, biến những hương vị tương phản xếp chồng th&agrave;nh thế c&acirc;n bằng, Dior Hypnotic Poison ch&iacute;nh x&aacute;c l&agrave; một &ldquo;liều thuốc&rdquo; k&igrave; diệu m&agrave; Dior mang tới cho những qu&yacute; c&ocirc; hiện đại.</p>\r\n\r\n<p>&nbsp; &nbsp; &nbsp; &nbsp; &nbsp; &nbsp; &nbsp; &nbsp; &nbsp; &nbsp; &nbsp; &nbsp; &nbsp; &nbsp; &nbsp; &nbsp; &nbsp; &nbsp; &nbsp; &nbsp; &nbsp; &nbsp; &nbsp; &nbsp; &nbsp; &nbsp; &nbsp; &nbsp; &nbsp; &nbsp; &nbsp; &nbsp; &nbsp; &nbsp; &nbsp;&nbsp;<img alt=\"Nước hoa Hypnotic Poison EDT lừng lẫy nhà Dior\" src=\"https://theperfume.vn/wp-content/uploads/2018/09/nuoc-hoa-nu-dior-hypnotic-poison-edt.png\" style=\"height:531px; width:600px\" /></p>\r\n\r\n<p>&nbsp; &nbsp; Nước hoa Dior Hypnotic Poison Trong giới m&ugrave;i hương vẫn lưu giữ truyền thuyết về một lọ nước hoa &ldquo;thuốc độc&rdquo; c&oacute; khả năng khiến bất cứ ai &ldquo;chết lịm&rdquo; trong sự l&ocirc;i cuốn đầy ng&ocirc;ng cuồng. T&aacute;o bạo,</p>\r\n', 100, 16, 4),
(22, 'Nước Hoa Nữ Gucci Bloom EDP For Women ', 'nuochoa7.jpg', 2900000, '<p>&nbsp;</p>\r\n\r\n<table border=\"0\" cellpadding=\"1\" cellspacing=\"1\" style=\"width:500px\">\r\n	<tbody>\r\n		<tr>\r\n			<td><strong>Xuất xứ</strong></td>\r\n			<td>Anh, Đức, Ph&aacute;p</td>\r\n		</tr>\r\n		<tr>\r\n			<td><strong>Năm ph&aacute;t h&agrave;nh</strong></td>\r\n			<td><strong>&nbsp;</strong>2017</td>\r\n		</tr>\r\n		<tr>\r\n			<td><strong>Nh&oacute;m hương</strong></td>\r\n			<td>Hoa huệ, Hoa nh&agrave;i, Hoa kim ng&acirc;n</td>\r\n		</tr>\r\n		<tr>\r\n			<td><strong>Phong c&aacute;ch</strong></td>\r\n			<td>&nbsp;Quyến rũ, Sang trọng, Qu&yacute; ph&aacute;i</td>\r\n		</tr>\r\n	</tbody>\r\n</table>\r\n\r\n<table border=\"0\" cellpadding=\"1\" cellspacing=\"1\" style=\"width:500px\">\r\n	<tbody>\r\n		<tr>\r\n			<td><strong>Hương đầu</strong></td>\r\n			<td>Hoa nh&agrave;i</td>\r\n		</tr>\r\n		<tr>\r\n			<td><strong>Hương giữa&nbsp;</strong></td>\r\n			<td>Hoa huệ</td>\r\n		</tr>\r\n		<tr>\r\n			<td><strong>Hương cuối&nbsp;</strong></td>\r\n			<td>Hoa sử qu&acirc;n tử</td>\r\n		</tr>\r\n	</tbody>\r\n</table>\r\n\r\n<p>&nbsp;</p>\r\n\r\n<p><strong>Gucci Bloom EDP For Her</strong>, một m&ugrave;i hương ti&ecirc;u biểu cho một n&eacute;t đẹp thanh tho&aacute;t v&agrave; tao nh&atilde; chuẩn &Yacute;. Nếu bạn lỡ say đắm m&ugrave;i hương thanh lịch v&agrave; quyến rũ của những đo&aacute; hoa trắng, th&igrave; nhất định bạn sẽ phải &quot;nghi&ecirc;ng m&igrave;nh ngả mũ&quot; khi bắt gặp m&ugrave;i hương của Gucci Bloom EDP tr&ecirc;n phố.<br />\r\n&nbsp; &nbsp; &nbsp; &nbsp; &nbsp; &nbsp; &nbsp; &nbsp; &nbsp; &nbsp; &nbsp; &nbsp; &nbsp; &nbsp; &nbsp; &nbsp; &nbsp; &nbsp; &nbsp; &nbsp; &nbsp; &nbsp; &nbsp; &nbsp; &nbsp; &nbsp; &nbsp; &nbsp; &nbsp; &nbsp; &nbsp; &nbsp;<img alt=\"Gucci Bloom Eau De Parfum\" src=\"https://theperfume.vn/wp-content/uploads/2018/08/nuoc-hoa-gucci-bloom-edp.png\" style=\"height:449px; width:600px, text-align:center\" /><br />\r\nChưng cất hương thơm của một vườn hoa n&agrave;o Nh&agrave;i v&agrave; Huệ v&agrave;o buổi sớm, Gucci Bloom EDP toả hương thơm nức l&ograve;ng người, kiều diễm v&agrave; tr&agrave;n đầy sức sống. Ấy thế, đ&acirc;u đ&oacute; len lỏi trong từng tầng hương vẫn l&agrave; ch&uacute;t vị đắng nhưng tươi, bạn c&oacute; thể lấy m&ugrave;i hương của Tr&agrave; để tưởng tượng.<br />\r\n<br />\r\nTừng ph&uacute;t từng gi&acirc;y tr&ocirc;i qua, ta chỉ ng&agrave;y c&agrave;ng th&ecirc;m y&ecirc;u n&eacute;t hương &yacute; tứ, sang trọng m&agrave; Gucci Bloom EDP chưng cất. Nhiều người hỏi rằng Gucci Bloom EDP ph&ugrave; hợp với độ tuổi n&agrave;o, m&agrave; quả thật</p>\r\n', 100, 33, 3),
(30, 'Nước hoa VERSACE Yellow Diamond 90ml', 'nuoc-hoa-versace-yellow-diamond-90ml-5cebaf8dda261-27052019163613.jpg', 1450000, '<ul>\r\n	<li><strong>Thương hiệu:&nbsp;</strong>Versace.</li>\r\n	<li><strong>Xuất xứ:&nbsp;</strong>&Yacute;.</li>\r\n	<li><strong>Thời gian ra mắt:&nbsp;</strong>2011.</li>\r\n	<li><strong>Nh&agrave; s&aacute;ng chế:</strong>&nbsp;Alberto Morillas.</li>\r\n	<li><strong>D&ograve;ng:</strong>&nbsp;Eau De Toilette (EDT).</li>\r\n	<li><strong>Nh&oacute;m hương:</strong>&nbsp;Hương Floral (Hương hoa cỏ).</li>\r\n	<li><strong>Phong c&aacute;ch:&nbsp;</strong>Ki&ecirc;u sa, thu h&uacute;t.</li>\r\n</ul>\r\n\r\n<h2>Nước hoa Versace Yellow Diamond Eau De Toilette 90ml</h2>\r\n\r\n<p>&ldquo;Chạm ng&otilde;&rdquo; với phi&ecirc;n bản nước hoa quyến rũ đầu ti&ecirc;n mang t&ecirc;n Versace Crystal Noir từ năm 2004, Versace lại tiếp tục cho ra mắt một tuyệt t&aacute;c m&ugrave;i hương kh&aacute;c v&agrave;o năm 2011. Đ&oacute; ch&iacute;nh l&agrave;&nbsp;<a href=\"https://theperfume.vn/nuoc-hoa/nuoc-hoa-versace-yellow-diamond-eau-de-toilette-90ml/\"><strong>nước hoa&nbsp;</strong><strong>Versace Yellow Diamond&nbsp;90ml</strong></a>. D&ograve;ng nước hoa đ&igrave;nh đ&aacute;m n&agrave;y l&agrave; một chuyển hướng đầy mới mẻ v&agrave; độc đ&aacute;o đến từ thương hiệu nổi danh nước &Yacute; Versace.&nbsp;<em>Pha l&ecirc; chuyển m&igrave;nh biến th&agrave;nh kim cương qu&yacute; gi&aacute;&nbsp;</em>&ndash; đ&oacute; l&agrave; điều m&agrave; thế giới n&oacute;i về&nbsp;<strong>Versace Yellow Diamond</strong>.</p>\r\n\r\n<p><img alt=\"Nước hoa Versace Yellow Diamond Eau De Toilette 90ml\" src=\"https://theperfume.vn/wp-content/uploads/2018/10/Nuoc-hoa-versace-yellow-diamond-90ml.png\" /></p>\r\n\r\n<h2>Đ&ocirc;i n&eacute;t về thương hiệu cao cấp &Yacute; mang t&ecirc;n Versace</h2>\r\n\r\n<p>&Ocirc;ng ho&agrave;ng của l&agrave;ng thời trang Gianni Versace ch&iacute;nh l&agrave; người tạo n&ecirc;n thương hiệu Versace lừng lẫy, được biết đến l&agrave; c&aacute;i t&ecirc;n thay đổi cả bộ mặt ng&agrave;nh c&ocirc;ng nghiệp ph&ugrave; hoa. Đế chế ho&agrave;ng kim Versace được Gianni Versace tạo n&ecirc;n từ 1978, với nhiều th&agrave;nh c&ocirc;ng.&nbsp;Sau khi Gianni Versace qua đời năm 1997 do bị &aacute;m s&aacute;t, em g&aacute;i &ocirc;ng l&agrave; Donatella Versace l&agrave; người tiếp quản đế chế Versace. Bằng sự t&agrave;i hoa, &ldquo;n&agrave;ng thơ của Gianni&rdquo; Donatella đ&atilde; khiến mọi người qu&ecirc;n đi &ldquo;ho&agrave;ng đế thời trang &Yacute;&rdquo; năm n&agrave;o. B&agrave; ho&agrave;ng thời trang n&agrave;y c&oacute; c&ocirc;ng vực dậy Versace sau thời gian tho&aacute;i tr&agrave;o, mang đến những biểu tượng mới cho thế giới, trong đ&oacute; phải kể đến&nbsp;<a href=\"https://theperfume.vn/san-pham/nuoc-hoa-nu/nuoc-hoa-versace-nu/\"><strong>nước hoa Versace</strong></a>.</p>\r\n\r\n<p><img alt=\"Nuoc-hoa-versace-yellow-diamond-edt-90ml\" src=\"https://theperfume.vn/wp-content/uploads/2018/10/Nuoc-hoa-versace-yellow-diamond-edt-90ml.png\" style=\"height:776px; width:600px\" /></p>\r\n\r\n<p><em><strong>Nước hoa Versace Yellow Diamond lừng danh Versace</strong></em></p>\r\n\r\n<p>Nước hoa nữ của Versace được săn đ&oacute;n v&igrave; độ tinh tế, t&iacute;nh thẩm mỹ v&agrave; độ quyến rũ của m&ugrave;i hương. Mỗi d&ograve;ng nước hoa mang t&ecirc;n Versace đều kho&aacute;c l&ecirc;n m&igrave;nh n&eacute;t thanh lịch, lộng lẫy v&agrave; hấp dẫn ri&ecirc;ng.&nbsp;<strong>Nước hoa Versace Yellow Diamond</strong><strong>&nbsp;90ml&nbsp;</strong>ch&iacute;nh l&agrave; một trong số đ&oacute;. Đ&acirc;y l&agrave; chai nước hoa được săn đ&oacute;n, lu&ocirc;n lot top hương thơm khiến l&ograve;ng người say đắm m&ecirc; mẩn.</p>\r\n\r\n<p>.</p>\r\n\r\n<p>&nbsp;</p>\r\n', 100, 1, 8);
INSERT INTO `products` (`id`, `productName`, `productImage`, `productPrice`, `productDesc`, `quatity`, `productView`, `categoryId`) VALUES
(31, 'Nước hoa Versace Crystal Noir Eau De Toilette 90ml', 'Nuoc-hoa-Versace-Crystal-Noir-90ml-300x224.png', 2380000, '<ul>\r\n	<li><strong>Thương hiệu:&nbsp;</strong>Versace.</li>\r\n	<li><strong>Xuất xứ:&nbsp;</strong>&Yacute;.</li>\r\n	<li><strong>Thời gian ra mắt:&nbsp;</strong>2004.</li>\r\n	<li><strong>Nh&agrave; s&aacute;ng chế:</strong>&nbsp;Antoine Lie.</li>\r\n	<li><strong>D&ograve;ng:</strong>&nbsp;Eau De Toilette (EDT).</li>\r\n	<li><strong>Nh&oacute;m hương:</strong>&nbsp;Hương Floral Fruity (Hương hoa cỏ tr&aacute;i c&acirc;y).</li>\r\n	<li><strong>Phong c&aacute;ch:&nbsp;</strong>Quyến rũ, sang trọng.</li>\r\n</ul>\r\n\r\n<h2>Nước hoa Versace Crystal Noir Eau De Toilette 90ml</h2>\r\n\r\n<p>Tiếp nối những th&agrave;nh c&ocirc;ng lừng lẫy,&nbsp;<strong><a href=\"https://theperfume.vn/nuoc-hoa/nuoc-hoa-versace-crystal-noir-eau-de-toilette-90ml/\">nước hoa Versace Crystal Noir Eau De Toilette 90ml</a>&nbsp;</strong>được Versace cho ra đời v&agrave;o năm 2004 như mang một tuy&ecirc;n ng&ocirc;n mới đến giới nước hoa. Tạo n&ecirc;n hương thơm hoa cỏ phương Đ&ocirc;ng cuốn h&uacute;t n&agrave;y l&agrave; sự s&aacute;ng tạo đầy nhạy b&eacute;n của thi&ecirc;n t&agrave;i s&aacute;ng chế&nbsp;<a href=\"https://theperfume.vn/\">nước hoa</a>&nbsp;Antoine Lie. Từ lớp hương đầu đến tầng hương cuối, đều l&agrave; sự ho&agrave;n mĩ đến m&ecirc; mẩn.</p>\r\n\r\n<p><img alt=\"Nước hoa Versace Crystal Noir 90ml\" src=\"https://theperfume.vn/wp-content/uploads/2018/10/Nuoc-hoa-Versace-Crystal-Noir-90ml.png\" style=\"height:448px; width:600px\" /></p>\r\n\r\n<p><em><strong>Nước hoa Versace Crystal Noir 90ml</strong></em></p>\r\n\r\n<p>&ldquo;Quả cầu huyền diệu&rdquo;&nbsp;<strong>Versace Crystal Noir Eau De Toilette&nbsp;</strong>như một thứ nước thần, c&oacute; khả năng biến bạn từ một c&ocirc; c&ocirc;ng ch&uacute;a ngủ say trong rừng s&acirc;u hoang d&atilde; trở th&agrave;nh nữ ho&agrave;ng v&agrave; t&acirc;m điểm của mọi bữa tiệc ho&agrave;ng gia sang trọng.</p>\r\n\r\n<h2>Về thương hiệu Versace lừng danh nước &Yacute;</h2>\r\n\r\n<p>&Ocirc;ng ho&agrave;ng của l&agrave;ng thời trang Gianni Versace ch&iacute;nh l&agrave; người tạo n&ecirc;n thương hiệu Versace lừng lẫy, được biết đến l&agrave; c&aacute;i t&ecirc;n thay đổi cả bộ mặt ng&agrave;nh c&ocirc;ng nghiệp ph&ugrave; hoa. Đế chế ho&agrave;ng kim Versace được Gianni Versace tạo n&ecirc;n từ 1978, với nhiều th&agrave;nh c&ocirc;ng.&nbsp;Sau khi Gianni Versace qua đời năm 1997 do bị &aacute;m s&aacute;t, em g&aacute;i &ocirc;ng l&agrave; Donatella Versace l&agrave; người tiếp quản đế chế Versace. Bằng sự t&agrave;i hoa, &ldquo;n&agrave;ng thơ của Gianni&rdquo; Donatella đ&atilde; khiến mọi người qu&ecirc;n đi &ldquo;ho&agrave;ng đế thời trang &Yacute;&rdquo; năm n&agrave;o. B&agrave; ho&agrave;ng thời trang n&agrave;y c&oacute; c&ocirc;ng vực dậy Versace sau thời gian tho&aacute;i tr&agrave;o, mang đến những biểu tượng mới cho thế giới, trong đ&oacute; phải kể đến&nbsp;<a href=\"https://theperfume.vn/san-pham/nuoc-hoa-nu/nuoc-hoa-versace-nu/\"><strong>nước hoa Versace</strong></a>.</p>\r\n\r\n<p><img alt=\"nuoc-hoa-versace-crystal-noir-eau-de-toilette-90ml\" src=\"https://theperfume.vn/wp-content/uploads/2018/10/nuoc-hoa-versace-crystal-noir-eau-de-toilette-90ml.png\" style=\"height:600px; width:600px\" /></p>\r\n\r\n<p><em><strong>Nước hoa Versace Crystal Noir lừng danh nước &Yacute;</strong></em></p>\r\n\r\n<p><a href=\"https://theperfume.vn/san-pham/nuoc-hoa-nu/\"><strong>Nước hoa nữ</strong></a>&nbsp;của Versace được săn đ&oacute;n v&igrave; độ tinh tế, t&iacute;nh thẩm mỹ v&agrave; độ quyến rũ của m&ugrave;i hương. Mỗi d&ograve;ng nước hoa mang t&ecirc;n Versace đều kho&aacute;c l&ecirc;n m&igrave;nh n&eacute;t thanh lịch, lộng lẫy v&agrave; hấp dẫn ri&ecirc;ng.&nbsp;<strong>Nước hoa Versace Crystal Noir 90ml&nbsp;</strong>ch&iacute;nh l&agrave; một trong số đ&oacute;. Đ&acirc;y l&agrave; chai nước hoa được săn đ&oacute;n, lu&ocirc;n lot top hương thơm khiến l&ograve;ng người say đắm m&ecirc; mẩn.</p>\r\n\r\n<p><img alt=\"versace-crystal-noir-eau-de-toilette-90ml\" src=\"https://theperfume.vn/wp-content/uploads/2018/10/versace-crystal-noir-eau-de-toilette-90ml.png\" style=\"height:717px; width:600px\" /></p>\r\n\r\n<p><em><strong>Nước hoa Versace Crystal Noir</strong></em></p>\r\n\r\n<h2>Nước hoa Versace Crystal Noir EDT v&igrave; sao được coi l&agrave; tuyệt t&aacute;c của Versace</h2>\r\n\r\n<h3>Nước hoa Versace Crystal Noir &ndash; m&ugrave;i hương tinh tế cho thế giới nước hoa của n&agrave;ng</h3>\r\n\r\n<p><img alt=\"nuoc-hoa-versace-crystal-noir-edt-90ml\" src=\"https://theperfume.vn/wp-content/uploads/2018/10/nuoc-hoa-versace-crystal-noir-edt-90ml.png\" style=\"height:585px; width:600px\" /></p>\r\n\r\n<p><em><strong>M&ugrave;i hương Versace Crystal Noir EDT</strong></em></p>\r\n\r\n<p>Tinh t&uacute;y của cỏ c&acirc;y hoa l&aacute; phương đ&ocirc;ng,&nbsp;<strong>nước hoa Versace Crystal Noir 90ml&nbsp;</strong>l&agrave; sự tổng h&ograve;a của những tầng hương ấn tượng. Hương đầu hội tụ to&agrave;n sự sắc sảo với gừng v&agrave; ti&ecirc;u cay nồng c&ugrave;ng bạch đậu khấu. Dần dần tan nhanh, nốt hương đầu nhường chỗ cho hương giữa ngọt ng&agrave;o hơn hẳn của dừa, của hoa mẫu đơn, hoa sơn chi v&agrave; ng&aacute;t l&agrave;nh của hoa cam ch&acirc;u Phi, hoa cam. Cảm gi&aacute;c đọng lại l&acirc;u d&agrave;i như đưa ph&aacute;i đẹp đến một thảo nguy&ecirc;n to&agrave;n hoa l&aacute;, đọng lại cả hương đất mới sau một trận mưa đầy thu h&uacute;t. Hiện ra chớp nho&aacute;ng trong tiềm thức của bạn, đọng lại hương cuối&nbsp;<strong>Versace Crystal Noir&nbsp;</strong>l&agrave; xạ hương, hổ ph&aacute;ch v&agrave; đ&agrave;n hương quen thuộc.</p>\r\n', 100, 1, 8),
(32, 'Nước hoa Gucci Flora Gorgeous Gardenia Eau De Toilette', 'nuoc-hoa-gucci-flora-gorgeous-gardenia-e1667807421330-300x300.png', 2470000, '<ul>\r\n	<li><strong>Thương hiệu:&nbsp;</strong>Gucci</li>\r\n	<li><strong>Xuất xứ:&nbsp;</strong>Italia</li>\r\n	<li><strong>Thời điểm ra mắt:</strong>&nbsp;2012</li>\r\n	<li><strong>D&ograve;ng:&nbsp;</strong>Gucci Flora</li>\r\n	<li><strong>Nh&oacute;m hương:&nbsp;</strong>Hoa cỏ tr&aacute;i c&acirc;y</li>\r\n	<li><strong>Thời gian lưu hương:&nbsp;</strong>Từ 4-6h (thời gian trung b&igrave;nh)</li>\r\n	<li><strong>Tỏa hương:&nbsp;</strong>trong phạm vi gần (hương thơm dịu nhẹ)</li>\r\n	<li><strong>Phong c&aacute;ch:&nbsp;</strong>ngọt ng&agrave;o, cuốn h&uacute;t</li>\r\n	<li><strong>Độ tuổi:</strong>&nbsp;Từ 25 tuổi trở l&ecirc;n</li>\r\n</ul>\r\n\r\n<h2>Nước hoa Gucci Flora Gorgeous Gardenia Eau De Toilette</h2>\r\n\r\n<p>Với m&ugrave;i hương nhẹ nh&agrave;ng, cuốn h&uacute;t kết hợp với thiết kế tinh tế, sang trọng Gucci Flora Gorgeous Gardenia được v&iacute; như &ldquo;n&agrave;ng thơ&rdquo; của bộ sưu tập Gucci Garden. Mở ra những cảm x&uacute;c c&ograve;n ẩn giấu bằng hương nước hoa nồng n&agrave;n tươi m&aacute;t,&nbsp;<strong><a href=\"http://localhost/Du-an-1/index.php?act=sanpham&amp;categoryid=3\">nước hoa&nbsp;Gucci Flora Gorgeous Gardenia</a></strong>&nbsp;l&agrave; &ldquo;must-have&rdquo; của mỗi c&ocirc; n&agrave;ng để khởi động 1 m&ugrave;a h&egrave; ch&aacute;y bỏng, b&ugrave;ng ch&aacute;y.</p>\r\n\r\n<p><img alt=\"gucci-flora-gorgeous-gardenia-edt-100ml\" src=\"https://theperfume.vn/wp-content/uploads/2018/08/gucci-flora-gorgeous-gardenia-edt-100ml.png\" style=\"height:600px; width:600px\" /></p>\r\n\r\n<h2><strong>Một v&agrave;i n&eacute;t đặc trưng về thương hiệu nước hoa Gucci</strong></h2>\r\n\r\n<p>Tr&igrave;nh l&agrave;ng giới l&agrave;m đẹp v&agrave;o những năm đầu của thế kỉ 20, Gucci (The House Of Gucci) cho đến nay, vẫn lu&ocirc;n được ưu &aacute;i v&agrave; được ng&agrave;nh thời trang coi như 1 biểu tượng của nước &Yacute;. Với những d&ograve;ng sản phẩm đa dạng về quần &aacute;o, gi&agrave;y d&eacute;p, t&uacute;i x&aacute;ch cho đến mỹ phẩm, nước hoa&nbsp;hay phụ kiện&hellip; c&aacute;i t&ecirc;n Gucci ch&iacute;nh l&agrave; minh chứng cụ thể nhất về một thương hiệu to&agrave;n cầu với mức độ phủ s&oacute;ng ng&agrave;y c&agrave;ng lan tỏa.</p>\r\n\r\n<p><img alt=\"gucci-flora-gorgeous-gardenia-eau-de-toilette\" src=\"https://theperfume.vn/wp-content/uploads/2018/08/gucci-flora-gorgeous-gardenia-eau-de-toilette.png\" style=\"height:387px; width:600px\" /></p>\r\n\r\n<p><em><strong>Nước hoa Gucci Flora Gorgeous Gardenia Eau De Toilette l&agrave; sản phẩm đến từ thương hiệu l&agrave;m đẹp nổi tiếng nước &Yacute;</strong></em></p>\r\n\r\n<p>Gucci bước ch&acirc;n v&agrave;o thị trường sắc đẹp với sự ra mắt b&ugrave;ng nổ của nước hoa Gucci No 1. C&ugrave;ng với Burberry, Dior v&agrave; Chanel, Gucci được biết đến l&agrave; một trong những thương hiệu nước hoa l&acirc;u đời v&agrave; nổi tiếng nhất thế giới. Được tạo ra với m&ugrave;i hương chắt lọc từ tinh t&uacute;y hương hoa c&ugrave;ng với thiết kế cuốn h&uacute;t, nước hoa Gucci&nbsp;từ l&acirc;u đ&atilde; trở th&agrave;nh c&aacute;i t&ecirc;n đứng &ldquo;top&rdquo; trong danh s&aacute;ch những chai nước hoa m&agrave; ai cũng muốn c&oacute;.</p>\r\n', 100, 2, 3),
(33, 'Nước hoa YSL Mon Paris Eau De Parfum Love (Limited Editions)', 'nuoc-hoa-ysl-mon-paris-eau-de-parfum-love-1-e1670906581681-300x300.png', 2990000, '<ul>\r\n	<li><strong>Thương hiệu:&nbsp;</strong>Yves Saint Laurent</li>\r\n	<li><strong>Xuất xứ:&nbsp;</strong>Ph&aacute;p</li>\r\n	<li><strong>Thời gian ra mắt:&nbsp;</strong>2018</li>\r\n	<li><strong>Nh&oacute;m hương:&nbsp;</strong>Hương tr&aacute;i c&acirc;y S&iacute;p</li>\r\n	<li><strong>Phong c&aacute;ch:&nbsp;</strong>Gợi cảm, nữ t&iacute;nh, đam m&ecirc;</li>\r\n	<li><strong>Dung t&iacute;ch:</strong>&nbsp;50ml</li>\r\n</ul>\r\n\r\n<h2>Nước hoa YSL Mon Paris Eau De Parfum Love Limited Edition</h2>\r\n\r\n<p>Ra mắt v&agrave;o đầu năm 2018,&nbsp;YSL Mon Paris Love l&agrave; phi&ecirc;n bản nước hoa mới nhất được th&ecirc;m v&agrave;o BST Yves Saint Laurent Mon Paris nổi tiếng. Với nguồn cảm hứng nồng n&agrave;n từ kinh đ&ocirc; t&igrave;nh y&ecirc;u Paris, hương thơm của nước hoa YSL Mon Paris Love tựa như một chuyến &ldquo;du ngoạn&rdquo; ngọt ng&agrave;o đưa bạn tới v&ocirc; v&agrave;n cung bậc cảm x&uacute;c kh&aacute;c nhau.&nbsp;<a href=\"https://theperfume.vn/nuoc-hoa/nuoc-hoa-ysl-mon-paris-eau-de-parfum-love-limited-editions/\"><strong>Nước hoa YSL&nbsp;Mon Paris Eau De Parfum Love</strong></a>&nbsp;l&agrave; m&ugrave;i hương ho&agrave;n hảo cho thời tiết se se lạnh m&ugrave;a lễ hội, tiệc t&ugrave;ng cuối năm. Nếu bạn đ&atilde; tr&oacute;t &ldquo;phải l&ograve;ng&rdquo; hương thơm thanh m&aacute;t, dịu d&agrave;ng của nh&oacute;m tr&aacute;i c&acirc;y th&igrave; chắc hẳn Mon Paris Love sẽ l&agrave; c&aacute;i t&ecirc;n kh&ocirc;ng thể bỏ qua trong danh s&aacute;ch &ldquo;must-have items&rdquo; cuối năm.</p>\r\n\r\n<p><img alt=\"ysl-mon-paris-eau-de-parfum-love\" src=\"https://theperfume.vn/wp-content/uploads/2018/11/ysl-mon-paris-eau-de-parfum-love.png\" style=\"height:400px; width:600px\" /></p>\r\n\r\n<p><em><strong>Nước hoa YSL Mon Paris Eau De Parfum Love</strong></em></p>\r\n\r\n<h2><strong>Một v&agrave;i n&eacute;t về thương hiệu nước hoa Yves Saint Laurent&nbsp;</strong></h2>\r\n\r\n<p>Th&agrave;nh lập tại Ph&aacute;p v&agrave;o đầu những năm 60 của thế kỷ XX, Yves Saint Laurent l&agrave; minh chứng ho&agrave;n hảo cho sự s&aacute;ng tạo đầy ph&aacute; c&aacute;ch hội tụ ở một thương hiệu thời trang đẳng cấp thế giới. Th&ocirc;ng qua những chiếc &aacute;o kho&aacute;c v&agrave; bộ&nbsp;tuxedo YSL, người ta nh&igrave;n thấy nhiều hơn sự kh&aacute;c biệt mang t&iacute;nh độc t&ocirc;n của mỗi người phụ nữ. Thương hiệu n&agrave;y cũng nổi tiếng với những thiết kế mang t&iacute;nh &ldquo;biểu tượng&rdquo; của l&agrave;ng thời trang thế giới như: Trapeze dress, Reefer jacket hay&nbsp;Le Smoking&hellip;</p>\r\n\r\n<p>Tr&ecirc;n lĩnh vực l&agrave;m đẹp,&nbsp;Yves Saint Laurent cũng sở hữu cho m&igrave;nh rất nhiều BST nổi tiếng từ son m&ocirc;i, phấn mắt cho đến kem nền, nước hoa hay skincare&hellip; YSL ch&iacute;nh thức &ldquo;lấn s&acirc;n&rdquo; sang thế giới perfume với d&ograve;ng sản phẩm&nbsp;<strong><a href=\"https://theperfume.vn/\">nước hoa</a>&nbsp;</strong>d&agrave;nh cho nữ v&agrave;o năm 1964. Th&agrave;nh c&ocirc;ng của phi&ecirc;n bản đầu ti&ecirc;n đ&atilde; dẫn đến sự ra đời của một loạt t&ecirc;n tuổi&nbsp;<a href=\"https://theperfume.vn/brand/nuoc-hoa-ysl/\"><strong>nước hoa YSL</strong></a>&nbsp;nổi tiếng kh&aacute;c như&nbsp;Rive Gauche, Opium hay Paris. Ở Yves Saint Laurent, ch&uacute;ng ta sẽ c&oacute; những trải nghiệm ho&agrave;n to&agrave;n kh&aacute;c biệt với hương thơm dịu d&agrave;ng, tinh tế, &ldquo;đậm đ&agrave;&rdquo; chất Ph&aacute;p mộng mơ. Với số lượng 160 m&ugrave;i hương c&ugrave;ng gần 10 d&ograve;ng nước hoa kinh điển, Yves Saint Laurent thực sự đ&atilde; tạo n&ecirc;n một &ldquo;đế chế&rdquo; vững chắc trong ng&agrave;nh c&ocirc;ng nghiệp hương thơm khổng lồ của thế giới.</p>\r\n\r\n<p><img alt=\"nuoc-hoa-nu-ysl-mon-paris-eau-de-parfum-love\" src=\"https://theperfume.vn/wp-content/uploads/2018/11/nuoc-hoa-nu-ysl-mon-paris-eau-de-parfum-love.png\" style=\"height:450px; width:600px\" /></p>\r\n\r\n<p><strong><em>Yves Saint Laurant &ndash; &ldquo;t&aacute;c giả&rdquo; của những si&ecirc;u phẩm nước hoa YSL Mon Paris Eau De Parfum Love</em></strong></p>\r\n', 100, 0, 1),
(34, 'Nước hoa YSL Parisienne Eau De Parfum 50ml', 'nuoc-hoa-ysl-parisienne-50ml-e1670916914593-300x300.png', 2650000, '<ul>\r\n	<li><strong>Thương hiệu:&nbsp;</strong>Yves Saint Laurent</li>\r\n	<li><strong>Xuất xứ:&nbsp;</strong>Ph&aacute;p</li>\r\n	<li><strong>Thời gian ra mắt:&nbsp;</strong>2009</li>\r\n	<li><strong>Nh&oacute;m hương:&nbsp;</strong>Hương hoa cỏ &ndash; gỗ &ndash; xạ hương</li>\r\n	<li><strong>Phong c&aacute;ch:&nbsp;</strong>Trẻ trung, nữ t&iacute;nh, cuốn h&uacute;t</li>\r\n</ul>\r\n\r\n<h2>Nước hoa YSL Parisienne Eau De Parfum&nbsp;50ml</h2>\r\n\r\n<h3>Nước hoa YSL Parisienne</h3>\r\n\r\n<p>Xuất hiện lần đầu ti&ecirc;n v&agrave;o năm 2009,&nbsp;<a href=\"http://localhost/Du-an-1/index.php?act=sanpham&amp;categoryid=1\"><strong>nước hoa&nbsp;YSL Parisienne&nbsp;50ml</strong></a>&nbsp;khiến c&aacute;c c&ocirc; n&agrave;ng &ldquo;cho&aacute;ng ngợp&rdquo; bởi hương thơm dịu d&agrave;ng, nữ t&iacute;nh c&ugrave;ng v&oacute;c d&aacute;ng sanh chảnh, &ldquo;độc nhất v&ocirc; nhị&rdquo; của m&igrave;nh. T&igrave;nh y&ecirc;u Paris ch&aacute;y bỏng h&ograve;a quyện trong cảm gi&aacute;c trưởng th&agrave;nh, quyến rũ ch&iacute;nh l&agrave; chất x&uacute;c t&aacute;c ho&agrave;n hảo cho sự ra đời của chai nước hoa YSL Parisienne. M&ugrave;i hương n&agrave;y thường được v&iacute; von như một khu vườn tr&agrave;n ngập sắc hương &ndash; nơi lu&ocirc;n mở cửa ch&agrave;o đ&oacute;n những tr&aacute;i tim &ldquo;say đắm&rdquo; kinh đ&ocirc; Paris mộng mơ.</p>\r\n\r\n<p><img alt=\"ysl-parisienne-50ml\" src=\"https://theperfume.vn/wp-content/uploads/2018/11/ysl-parisienne-50ml.png\" style=\"height:600px; width:600px\" /></p>\r\n\r\n<p><em><strong>Nước hoa YSL Parisienne Eau De Parfum&nbsp;50ml</strong></em></p>\r\n\r\n<p>&nbsp;</p>\r\n\r\n<h2><strong>Một v&agrave;i n&eacute;t về thương hiệu nước hoa Yves Saint Laurent&nbsp;</strong></h2>\r\n\r\n<p>Th&agrave;nh lập tại Ph&aacute;p v&agrave;o đầu những năm 60 của thế kỷ XX, Yves Saint Laurent l&agrave; minh chứng ho&agrave;n hảo cho sự s&aacute;ng tạo đầy ph&aacute; c&aacute;ch hội tụ ở một thương hiệu thời trang đẳng cấp thế giới. Th&ocirc;ng qua những chiếc &aacute;o kho&aacute;c v&agrave; bộ&nbsp;tuxedo YSL, người ta nh&igrave;n thấy nhiều hơn sự kh&aacute;c biệt mang t&iacute;nh độc t&ocirc;n của mỗi người phụ nữ. Thương hiệu n&agrave;y cũng nổi tiếng với những thiết kế mang t&iacute;nh &ldquo;biểu tượng&rdquo; của l&agrave;ng thời trang thế giới như: Trapeze dress, Reefer jacket hay&nbsp;Le Smoking&hellip;</p>\r\n\r\n<p>Tr&ecirc;n lĩnh vực l&agrave;m đẹp,&nbsp;Yves Saint Laurent cũng sở hữu cho m&igrave;nh rất nhiều BST nổi tiếng từ son m&ocirc;i, phấn mắt cho đến kem nền, nước hoa hay skincare&hellip; YSL ch&iacute;nh thức &ldquo;lấn s&acirc;n&rdquo; sang thế giới perfume với d&ograve;ng sản phẩm nước hoa<strong>&nbsp;</strong>d&agrave;nh cho nữ v&agrave;o năm 1964. Th&agrave;nh c&ocirc;ng của phi&ecirc;n bản đầu ti&ecirc;n đ&atilde; dẫn đến sự ra đời của một loạt t&ecirc;n tuổi&nbsp;<a href=\"http://localhost/Du-an-1/index.php?act=sanpham&amp;categoryid=1\"><strong>nước hoa YSL</strong></a>&nbsp;nổi tiếng kh&aacute;c như&nbsp;Rive Gauche, Opium hay Paris. Ở Yves Saint Laurent, ch&uacute;ng ta sẽ c&oacute; những trải nghiệm ho&agrave;n to&agrave;n kh&aacute;c biệt với hương thơm dịu d&agrave;ng, tinh tế, &ldquo;đậm đ&agrave;&rdquo; chất Ph&aacute;p mộng mơ. Với số lượng 160 m&ugrave;i hương c&ugrave;ng gần 10 d&ograve;ng nước hoa kinh điển, Yves Saint Laurent thực sự đ&atilde; tạo n&ecirc;n một &ldquo;đế chế&rdquo; vững chắc trong ng&agrave;nh c&ocirc;ng nghiệp hương thơm khổng lồ của thế giới.</p>\r\n', 100, 0, 1),
(35, 'Nước Hoa Chanel No.5 L’eau Eau De Toilette', 'Chanel-No.5-Leau-1-2-e1667273348753-300x300.jpg', 3599000, '<ul>\r\n	<li><strong>Xuất xứ</strong>: Ph&aacute;p</li>\r\n	<li><strong>Nh&oacute;m hương:</strong>&nbsp;Hoa cỏ</li>\r\n	<li><strong>Thời điểm ra mắt:</strong>&nbsp;2016</li>\r\n	<li><strong>Lưu hương:</strong>&nbsp;Trong khoảng thời gian 12&nbsp; giờ</li>\r\n	<li><strong>Độ toả hương:</strong>&nbsp;Tỏa hương trong b&aacute;n k&iacute;nh 1m</li>\r\n	<li><strong>Thời điểm th&iacute;ch hợp:</strong>&nbsp;M&ugrave;a thu, đ&ocirc;ng</li>\r\n	<li><strong>Phong c&aacute;ch:</strong>&nbsp;Quyến rũ, nữ t&iacute;nh, sang trọng</li>\r\n</ul>\r\n\r\n<h2>Nước Hoa Chanel No.5 L&rsquo;eau Eau De Toilette</h2>\r\n\r\n<h3>Chanel No.5 L&rsquo;eau</h3>\r\n\r\n<p>Mang tới phi&ecirc;n bản hiện đại hơn của si&ecirc;u phẩm&nbsp;Chanel No.5 trước đ&oacute;, nước hoa&nbsp;<strong><a href=\"https://theperfume.vn/nuoc-hoa/nuoc-hoa-chanel-no-5-leau/\">Chanel No.5 L&rsquo;eau</a>&nbsp;</strong>thực sự l&agrave; một lựa chọn tinh tế đầy ấn tượng khi &ldquo;kho&aacute;c&rdquo; l&ecirc;n cơ thể bạn. M&ugrave;i hương n&agrave;y bao quanh cơ thể ph&aacute;i đẹp, tỏa ra hương thơm cuốn h&uacute;t m&ecirc; người, vừa c&oacute; được sự sang trọng ở thời đại mới, vưa to&aacute;t l&ecirc;n thần th&aacute;i đậm chất cổ điển ở 1 thương hiệu nổi tiếng l&acirc;u đời.</p>\r\n\r\n<p><img alt=\"chanel-no-5-l-eau-women-800x524\" src=\"https://theperfume.vn/wp-content/uploads/2017/11/chanel-no-5-l-eau-women-800x524-1.jpg\" style=\"height:393px; width:600px\" /></p>\r\n\r\n<h2>Đ&ocirc;i n&eacute;t về thương hiệu nước hoa Chanel</h2>\r\n\r\n<p><a href=\"https://theperfume.vn/brand/nuoc-hoa-chanel/\"><strong>Nước hoa Chanel</strong></a>&nbsp;&ndash; thương hiệu nước hoa đẳng cấp h&agrave;ng đầu thế giới khiến h&agrave;ng triệu c&ocirc; g&aacute;i say đắm. L&agrave; sự kết tinh s&aacute;ng tạo t&agrave;i năng của người phụ nữ quyền lực c&oacute; tầm ảnh hưởng nhất thế giới thế kỷ XX &ndash; Gabrielle Bonheur Chanel (Coco Chanel). Mỗi một chai nước hoa Chanel l&agrave; một phong c&aacute;ch thiết kế kh&aacute;c nhau, từ tinh tế sang trọng đến lịch l&atilde;m, mạnh mẽ. Kh&ocirc;ng chỉ c&oacute; thế, đ&oacute; c&ograve;n l&agrave; sự tinh hoa của việc phối hợp c&aacute;c m&ugrave;i hương hoa cỏ, tr&aacute;i mọng tạo th&agrave;nh những n&eacute;t hương quyến rũ, h&uacute;t hồn. &Ocirc;m trọn những BST&nbsp;<strong><a href=\"https://theperfume.vn/\">nước hoa</a></strong>&nbsp;mang lại nhiều dấu ấn, Chanel lu&ocirc;n l&agrave; thương hiệu m&agrave; bất cứ t&iacute;n đồ u m&ecirc; nước hoa n&agrave;o cũng mong muốn c&oacute; được.</p>\r\n', 100, 0, 2),
(36, 'Nước Hoa Chanel Chance Eau De Toilette 100ml', 'nuoc-hoa-chanel-chance-eau-de-toilette-100ml-e1668757699845-300x300.png', 3990000, '<ul>\r\n	<li><strong>Xuất xứ:&nbsp;</strong>Ph&aacute;p</li>\r\n	<li><strong>Nh&oacute;m hương:</strong>&nbsp;Hương hoa cỏ S&iacute;p</li>\r\n	<li><strong>Năm ra mắt:&nbsp;</strong>2003</li>\r\n	<li><strong>S&aacute;ng tạo bởi:</strong>&nbsp;Jacques Polge</li>\r\n	<li><strong>Phong c&aacute;ch:</strong>&nbsp;Năng động, trẻ trung, cuốn h&uacute;t</li>\r\n</ul>\r\n\r\n<h2>Nước Hoa Chanel Chance Eau De Toilette&nbsp;100ml</h2>\r\n\r\n<h3>Nước hoa Chanel Chance</h3>\r\n\r\n<p>Chứa đựng trong m&igrave;nh một c&acirc;u chuyện về m&ugrave;i hương ngọt l&agrave;nh từ quả mỏng v&agrave; vườn hoa tươi,&nbsp;<a href=\"http://localhost/Du-an-1/index.php?act=sanpham&amp;categoryid=2\"><strong>nước hoa Chanel Chance 100ml</strong></a>&nbsp;đưa người c&aacute;c c&ocirc; n&agrave;ng bước v&agrave;o một trải nghiệm hương thơm chưa từng c&oacute; trước đ&acirc;y. Được v&iacute; như mang cả rừng hoa v&agrave;o hương nước hoa c&ugrave;ng với sự kết hợp độc đ&aacute;o từ những nốt hương cay nồng từ tinh dầu n&oacute;ng đặc trưng của d&ograve;ng Chance EDT. Để c&oacute; được m&ugrave;i hương l&agrave;m say đắm biết bao c&ocirc; g&aacute;i th&igrave; kh&ocirc;ng tể kh&ocirc;ng nhắc đến nh&agrave; s&aacute;ng tạo, nghi&ecirc;n cứu t&agrave;i ba &ndash; Jacques Polge. G&oacute;p phần thay đổi ph&aacute;i đẹp từng ng&agrave;y, mang những n&eacute;t tươi mới, cuốn h&uacute;t, trẻ trung nhất cho ph&aacute;i đẹp,&nbsp;<strong>Chanel Chance Eau Toilette</strong>&nbsp;lu&ocirc;n l&agrave; must-have cho c&aacute;c c&ocirc; n&agrave;ng.</p>\r\n\r\n<p><img alt=\"nuoc-hoa-chanel-chance-100ml-eau-de-toilette-for-women\" src=\"https://theperfume.vn/wp-content/uploads/2019/01/nuoc-hoa-chanel-chance-100ml-eau-de-toilette-for-women.png\" style=\"height:451px; width:600px\" /></p>\r\n\r\n<p><em><strong>Nước hoa Chanel Chance Eau De Toilette&nbsp;100ml</strong></em></p>\r\n\r\n<h2>Đ&ocirc;i n&eacute;t về thương hiệu nước hoa Chanel</h2>\r\n\r\n<p><a href=\"http://localhost/Du-an-1/index.php?act=sanpham&amp;categoryid=2\"><strong>Nước hoa Chanel</strong></a>&nbsp;&ndash; được biết đến l&agrave; thương hiệu nước hoa high-end h&agrave;ng đầu thế giới, khiến bao người phải ngất ng&acirc;y. Để c&oacute; được sự nổi tiếng như ng&agrave;y h&ocirc;m nay, chắc chắn phải kể đến sự s&aacute;ng tạo, t&agrave;i năng v&agrave; những nổ lực đ&oacute;ng g&oacute;p kh&ocirc;ng ngừng nghỉ của Gabrielle Bonheur Chanel. B&agrave; l&agrave; một trong số &iacute;t những người phụ nữ c&oacute; tầm nh&igrave;n v&agrave; sức ảnh hưởng l&ecirc;n ng&agrave;nh thời trang thế giới v&agrave;o thế kỉ 20. Tất cả những chai nước hoa Chanel đều được đầu tư về cả thiết kế lẫn m&ugrave;i hương. Nhờ đ&oacute;, mỗi sản phẩm đều mang trong m&igrave;nh một vẻ sang trọng, đẳng cấp ri&ecirc;ng biệt, m&agrave; chỉ c&oacute; thương hiệu nước hoa n&agrave;y mới l&agrave;m được. Trải qua nhiều thập kỉ với h&agrave;ng loạt BST nước hoa&nbsp;đẳng cấp &ndash; Chanel ch&iacute;nh l&agrave; bảo bối l&agrave;m đẹp của những người phụ nữ trong thời đại mới.</p>\r\n\r\n<p><img alt=\"chanel-chance-eau-de-toilette-100ml\" src=\"https://theperfume.vn/wp-content/uploads/2019/01/chanel-chance-eau-de-toilette-100ml.png\" style=\"height:450px; width:600px\" /></p>\r\n\r\n<p><em><strong>Nước hoa Chanel Chance 100ml đến từ thương hiệu l&agrave;m đẹp cao cấp nước Ph&aacute;p</strong></em></p>\r\n\r\n<h2>Nước hoa Chanel Chance Eau De Toilette&nbsp;100ml &ldquo;kể&rdquo; c&acirc;u chuyện m&ugrave;i hương theo c&aacute;ch rất ri&ecirc;ng của m&igrave;nh</h2>\r\n\r\n<h3>Nước hoa Chanel Chance&nbsp;100ml sở hữu hương thơm trẻ trung, cực kỳ cuốn h&uacute;t</h3>\r\n\r\n<p>Hương thơm của&nbsp;<a href=\"http://localhost/Du-an-1/index.php?act=sanpham&amp;categoryid=2\"><strong>nước hoa Chanel Chance Eau De Toilette</strong>&nbsp;</a>được v&iacute; như cơn s&oacute;ng cuộn tr&agrave;o với rất nhiều lớp tinh dầu kh&aacute;c nhau. Ở đ&oacute;, bạn sẽ cảm nhận được ch&uacute;t ngọt ng&agrave;o của hương thơm hoa cỏ, vị căng mọng của tr&aacute;i c&acirc;y tươi m&aacute;t, cuối c&ugrave;ng l&agrave; cảm gi&aacute;c cay n&oacute;ng, ấm &aacute;p đặc trưng của hạt ti&ecirc;u hồng. M&ugrave;i hương n&agrave;y ghi điểm nhờ h&agrave;m lượng tinh dầu đậm đặc c&ugrave;ng khả năng lưu hương cực kỳ ấn tượng.&nbsp;<strong>Nước hoa Chanel Chance EDT</strong>&nbsp;ch&iacute;nh l&agrave; hương thơm ho&agrave;n hảo để sử dụng cho thời tiết ấm &aacute;p v&agrave;o m&ugrave;a xu&acirc;n hay m&aacute;t mẻ khi sang hạ.</p>\r\n', 100, 0, 2),
(37, 'Nước hoa YSL Black Opium Eau De Toilette 30ml', 'nuoc-hoa-ysl-black-opium-eau-de-toilette-30ml-e1670645478469-300x300.jpg', 1850000, '<ul>\r\n	<li><strong>Thương hiệu:&nbsp;</strong>Yves Saint Laurent</li>\r\n	<li><strong>Xuất xứ:&nbsp;</strong>Ph&aacute;p</li>\r\n	<li><strong>Thời gian ra mắt:&nbsp;</strong>2015</li>\r\n	<li><strong>Nh&oacute;m hương:&nbsp;</strong>Hương vani phương Đ&ocirc;ng</li>\r\n	<li><strong>Phong c&aacute;ch:&nbsp;</strong>Nữ t&iacute;nh, sang trọng, quyến rũ</li>\r\n</ul>\r\n\r\n<h2>Nước hoa YSL Black Opium Eau De Toilette&nbsp;30ml</h2>\r\n\r\n<h3>Nước hoa YSL Black Opium</h3>\r\n\r\n<p>Năm 2018 mang đến một dấu mốc đầy bất ngờ bởi sự trở lại của d&ograve;ng nước hoa Yves Saint Laurant nổi tiếng &ndash;&nbsp;YSL Black Opium Eau De Toilette. So với phi&ecirc;n bản đầu ti&ecirc;n v&agrave;o năm 2015,&nbsp;YSL Black Opium 2018 tỏ ra vượt trội hơn hẳn với n&eacute;t ma mị, quyến rũ, v&ocirc; c&ugrave;ng đặc trưng của m&igrave;nh.&nbsp;Sự kết hợp giữa cấu tr&uacute;c m&ugrave;i hương mới mẻ c&ugrave;ng diện mạo lộng lẫy, cực kỳ &ldquo;xinh đẹp&rdquo; đ&atilde; tạo n&ecirc;n sức h&uacute;t kh&oacute; cưỡng của&nbsp;<strong><a href=\"http://localhost/Du-an-1/index.php?act=sanpham&amp;categoryid=1\">nước hoa YSL Black Opium&nbsp;30ml</a>&nbsp;</strong>Eau De Toilette 2018.</p>\r\n\r\n<p><img alt=\"nuoc-hoa-ysl-black-opium-30ml\" src=\"https://theperfume.vn/wp-content/uploads/2018/11/nuoc-hoa-ysl-black-opium-30ml.jpg\" style=\"height:420px; width:600px\" /></p>\r\n\r\n<p><em><strong>Nước hoa YSL Black Opium Eau De Toilette&nbsp;30ml</strong></em></p>\r\n\r\n<h2><strong>Một v&agrave;i n&eacute;t về thương hiệu nước hoa Yves Saint Laurent&nbsp;</strong></h2>\r\n\r\n<p>Th&agrave;nh lập tại Ph&aacute;p v&agrave;o đầu những năm 60 của thế kỷ XX, Yves Saint Laurent l&agrave; minh chứng ho&agrave;n hảo cho sự s&aacute;ng tạo đầy ph&aacute; c&aacute;ch hội tụ ở một thương hiệu thời trang đẳng cấp thế giới. Th&ocirc;ng qua những chiếc &aacute;o kho&aacute;c v&agrave; bộ&nbsp;tuxedo YSL, người ta nh&igrave;n thấy nhiều hơn sự kh&aacute;c biệt mang t&iacute;nh độc t&ocirc;n của mỗi người phụ nữ. Thương hiệu n&agrave;y cũng nổi tiếng với những thiết kế mang t&iacute;nh &ldquo;biểu tượng&rdquo; của l&agrave;ng thời trang thế giới như: Trapeze dress, Reefer jacket hay&nbsp;Le Smoking&hellip;</p>\r\n\r\n<p>Tr&ecirc;n lĩnh vực l&agrave;m đẹp,&nbsp;Yves Saint Laurent cũng sở hữu cho m&igrave;nh rất nhiều BST nổi tiếng từ son m&ocirc;i, phấn mắt cho đến kem nền, nước hoa hay skincare&hellip; YSL ch&iacute;nh thức &ldquo;lấn s&acirc;n&rdquo; sang thế giới perfume với d&ograve;ng sản phẩm nước hoa<strong>&nbsp;</strong>d&agrave;nh cho nữ v&agrave;o năm 1964. Th&agrave;nh c&ocirc;ng của phi&ecirc;n bản đầu ti&ecirc;n đ&atilde; dẫn đến sự ra đời của một loạt t&ecirc;n tuổi&nbsp;<a href=\"http://localhost/Du-an-1/index.php?act=sanpham&amp;categoryid=1\"><strong>nước hoa YSL</strong></a>&nbsp;nổi tiếng kh&aacute;c như&nbsp;Rive Gauche, Opium hay Paris. Ở Yves Saint Laurent, ch&uacute;ng ta sẽ c&oacute; những trải nghiệm ho&agrave;n to&agrave;n kh&aacute;c biệt với hương thơm dịu d&agrave;ng, tinh tế, &ldquo;đậm đ&agrave;&rdquo; chất Ph&aacute;p mộng mơ. Với số lượng 160 m&ugrave;i hương c&ugrave;ng gần 10 d&ograve;ng nước hoa kinh điển, Yves Saint Laurent thực sự đ&atilde; tạo n&ecirc;n một &ldquo;đế chế&rdquo; vững chắc trong ng&agrave;nh c&ocirc;ng nghiệp hương thơm khổng lồ của thế giới.</p>\r\n', 100, 0, 1),
(38, 'Nước hoa YSL Black Opium Eau De Parfum Intense 90ml', 'nuoc-hoa-YSL-Black-Opium-Intense-90ml-300x284.jpg', 3990000, '<ul>\r\n	<li><strong>Xuất xứ:</strong>&nbsp;Ph&aacute;p</li>\r\n	<li><strong>Thời gian ra mắt:</strong>&nbsp;2019</li>\r\n	<li><strong>Phong c&aacute;ch:</strong>&nbsp;Quyến rũ, Ngọt ng&agrave;o, Ấn tượng</li>\r\n	<li><strong>Nh&oacute;m hương:</strong>&nbsp;Hương Vanilla phương đ&ocirc;ng</li>\r\n	<li><strong>Nồng độ:&nbsp;</strong>EDP &ndash; Eau De Parfum</li>\r\n</ul>\r\n\r\n<h2><strong>Nước hoa YSL Black Opium Eau De Parfum Intense 90ml</strong></h2>\r\n\r\n<h3><strong>Yves Saint Laurent Black Opium Intense</strong></h3>\r\n\r\n<p><a href=\"http://localhost/Du-an-1/index.php?act=sanpham&amp;categoryid=1\"><strong>Nước hoa YSL Black Opium Intense 90ml</strong></a>&nbsp;l&agrave; th&agrave;nh vi&ecirc;n tiếp theo nằm trog BST Black Opium của thương hiệu YSL. Lần n&agrave;y YSL muốn m&ocirc; tả về sự quyến rũ, b&iacute; ẩn của người phụ nữ độc lập, t&aacute;o bạo.&nbsp;<strong>YSL Black Opium Intense 90ml&nbsp;</strong>sử dụng nh&oacute;m hương Vanilla phương đ&ocirc;ng mang đến hương thơm vừa ngọt ng&agrave;o lại vừa tươi m&aacute;t. Hương thơ cuốn h&uacute;t khiến cho người đối diện n&agrave;ng chạm phải m&ugrave;i hương n&agrave;y cứ ấn tượng m&atilde;i kh&ocirc;ng th&ocirc;i về n&agrave;ng.</p>\r\n\r\n<p><img alt=\"Black Opium Intense 90ml\" src=\"https://theperfume.vn/wp-content/uploads/2022/02/Black-Opium-Intense-90ml.jpg\" style=\"height:363px; width:980px\" /></p>\r\n\r\n<p><em>Nước hoa YSL Black Opium Eau De Parfum Intense</em></p>\r\n\r\n<h3><strong>Thương hiệu Yves Saint Laurent &ndash; Sang chảnh v&agrave; c&aacute; t&iacute;nh</strong></h3>\r\n\r\n<p><strong>YSL&nbsp;</strong>hay<a href=\"http://localhost/Du-an-1/index.php?act=sanpham&amp;categoryid=1\"><strong>&nbsp;Yves Saint Laurent</strong></a>&nbsp;hay thương hiệu thời trang đến từ nước Ph&aacute;p. Thương hiệu n&agrave;y được th&agrave;nh lập trong những năm 1960 đến năm 1970 bởi hai nh&agrave; thiết kế Pierre Berg&eacute; v&agrave; Yves Saint Laurent. Sau khi rời khỏi Dior nh&agrave; s&aacute;ng tạo đ&atilde; tạo ri&ecirc;ng cho m&igrave;nh một đế chế với phong c&aacute;ch kh&aacute;c biệt. Trong những năm đầu ti&ecirc;n YSL đ&atilde; mang đến h&agrave;ng loạt những BST ấn tượng, trong đ&oacute; đặc biệt phải kể đến phong c&aacute;ch Menswear. Tiếp tục ngay sau đ&oacute; &ocirc;ng cho ra đời d&ograve;ng mỹ phẩm cao cấp, c&ugrave;ng nước hoa d&agrave;nh cho nam v&agrave; nữ&hellip;</p>\r\n\r\n<p><img alt=\"Bl-ac-Opiu-m-Inte-nse-tk-90ml\" src=\"https://theperfume.vn/wp-content/uploads/2022/02/Bl-ac-Opiu-m-Inte-nse-tk-90ml.jpg\" style=\"height:534px; width:800px\" /></p>\r\n\r\n<p><em>YSL Black Opium Eau De Parfum Intense</em></p>\r\n\r\n<p>Kh&ocirc;ng chỉ thời trang m&agrave; nước hoa của nh&agrave; YSL cũng ảnh hưởng đến thời trang thế giới rất nhiều. Nước hoa YSL khẳng định phong c&aacute;ch của m&igrave;nh bởi sự c&aacute; t&iacute;nh v&agrave; kh&aacute;c biệt. C&aacute;c sản phẩm&nbsp;<strong><a href=\"http://localhost/Du-an-1/index.php?act=sanpham&amp;categoryid=1\">nước hoa nữ YSL</a></strong>&nbsp;v&agrave; nước hoa nam YSL được kết hợp bởi rất nhiều chuy&ecirc;n gia h&agrave;ng đầu thế giới. Từ đ&oacute; cho ra đời những m&ugrave;i hương kinh điển khiến cả thế giới biết đến. Mỗi lần trai nghiệm nước hoa YSL l&agrave; cả ch&agrave;ng v&agrave; n&agrave;ng đều được trải nghiệm sự sang trọng v&agrave; đẳng cấp.</p>\r\n', 100, 0, 1),
(39, 'Nước hoa Narciso Rodriguez For Her Eau De Parfum 30ml', 'nuoc-hoa-narciso-rodriguez-for-her-edp-30ml-e1667271225873-300x300.jpg', 1690000, '<ul>\r\n	<li><strong>Xuất xứ:</strong>&nbsp;Mỹ</li>\r\n	<li><strong>Nh&oacute;m hương:</strong>&nbsp;Hương hoa cỏ, gỗ, xạ hương (Floral Woody Musk)</li>\r\n	<li><strong>Năm ra mắt:</strong>&nbsp;2006</li>\r\n	<li><strong>Thời gian lưu hương:</strong>&nbsp;L&acirc;u, từ 7 giờ đến 12 giờ</li>\r\n	<li><strong>Độ toả hương:</strong>&nbsp;Gần, trong khoảng 1 c&aacute;nh tay.</li>\r\n	<li><strong>Hương ch&iacute;nh:</strong>&nbsp;Xạ hương v&agrave; hoa hồng</li>\r\n</ul>\r\n\r\n<h2>Nước hoa Narciso Rodriguez For Her 30ml Eau De Parfum</h2>\r\n\r\n<h3>Nước hoa Narciso Rodriguez For Her 30ml</h3>\r\n\r\n<p>M&ugrave;i hương đầu ti&ecirc;n của Narciso Rodriguez ch&iacute;nh l&agrave; For Her bản EDT, ra mắt năm 2004. M&agrave;n &ldquo;ch&agrave;o s&acirc;n&rdquo; nhẹ nh&agrave;ng l&agrave;m bước đệm ho&agrave;n hảo để đến năm 2006, thương hiệu đ&igrave;nh đ&aacute;m Mỹ n&agrave;y ra mắt&nbsp;<a href=\"https://theperfume.vn/nuoc-hoa/nuoc-hoa-narciso-rodriguez-for-her-eau-de-parfum-30ml/\"><strong>nước hoa Narciso Rodriguez For Her</strong></a><strong><a href=\"https://theperfume.vn/nuoc-hoa/nuoc-hoa-narciso-rodriguez-for-her-eau-de-parfum-30ml/\">&nbsp;30ml</a>&nbsp;Eau De Parfum</strong>. Suốt h&agrave;ng chục năm qua, chai nước hoa n&agrave;y vẫn l&agrave; best-seller nh&agrave; Narciso, được mọi người gọi t&ecirc;n l&agrave; nước hoa Narciso Rodriguez hồng thần th&aacute;nh.</p>\r\n\r\n<p><img alt=\"nuoc-hoa-narciso-30ml\" src=\"https://theperfume.vn/wp-content/uploads/2020/08/nuoc-hoa-narciso-30ml-800x800.jpg\" style=\"height:800px; width:800px\" /></p>\r\n\r\n<p><em>Nước hoa Narciso Rodriguez For Her Eau De Parfum 30ml nhỏ nhắn xinh xắn hết nấc</em></p>\r\n\r\n<p>Đ&atilde; tr&oacute;t y&ecirc;u&nbsp;<strong>nước hoa Narciso Rodriguez For Her 30ml EDP&nbsp;</strong>chắc sẽ y&ecirc;u đến trọn đời. Nước hoa nh&oacute;m hoa cỏ, gỗ v&agrave; xạ hương, khơi gợi khứu gi&aacute;c như được tắm m&igrave;nh trong miền k&yacute; ức, vừa xa t&iacute;t ch&acirc;n trời, lại vừa gần ngay như sắp chạm tới.</p>\r\n\r\n<p>Xạ hương chủ điểm trong&nbsp;<strong>nước hoa Narciso Eau De Parfum</strong>, h&ograve;a quyện c&ugrave;ng gỗ v&agrave; hoa tr&aacute;i, h&ograve;a nhịp tr&ecirc;n da dẻ, đậm kh&iacute; chất &ldquo;tiểu thư thanh lịch&rdquo; nhưng chẳng hề hoa mỹ, cầu kỳ. Đ&acirc;y đ&iacute;ch thị l&agrave; m&ugrave;i hương dấu y&ecirc;u d&agrave;nh cho ph&aacute;i đẹp.</p>\r\n\r\n<h2>Nước hoa nữ Narciso Rodriguez v&agrave; c&acirc;u chuyện thương hiệu</h2>\r\n\r\n<p>2003 l&agrave; thời điểm m&agrave; Narciso Rodriguez &ndash; nh&agrave; thiết kế trẻ t&agrave;i ba người Mỹ gốc Cuba tr&igrave;nh l&agrave;ng d&ograve;ng nước hoa đầu ti&ecirc;n của m&igrave;nh mang t&ecirc;n&nbsp;<strong>nước hoa Narciso Rodriguez for Her</strong>. Ngay lập tức m&ugrave;i hương nữ t&iacute;nh n&agrave;y trở th&agrave;nh c&aacute;i t&ecirc;n b&aacute;n chạy nhất ở Mỹ cũng như ghi danh v&agrave;o top list&nbsp;<a href=\"https://theperfume.vn/nuoc-hoa/\"><strong>nước hoa</strong></a>&nbsp;được săn đ&oacute;n nhất tr&ecirc;n thế giới.</p>\r\n\r\n<p>Mở đầu với chai nước hoa hiện đại, tươi mới d&agrave;nh cho ph&aacute;i nữ, Narciso Rodriguez tiếp tục h&agrave;nh tr&igrave;nh x&acirc;y dựng &ldquo;đế chế&rdquo; m&ugrave;i hương với phi&ecirc;n bản nước hoa d&agrave;nh cho nam giới v&agrave;o năm 2007. Cho đến nay, thương hiệu đ&igrave;nh đ&aacute;m xứ cờ hoa Narciso Rodriguez đ&atilde; cho ra mắt rất nhiều si&ecirc;u phẩm ấn tượng, cả cho nam v&agrave; nữ.</p>\r\n\r\n<p><img alt=\"Nước hoa Narciso Rodriguez For Her 30ml\" src=\"https://theperfume.vn/wp-content/uploads/2020/08/nuoc-hoa-narciso-rodriguez-for-her-edp-30ml.jpg\" style=\"height:782px; width:800px\" /></p>\r\n\r\n<p><em>Nước hoa Narciso Eau De Parfum 30ml</em></p>\r\n\r\n<p>Narciso Rodriguez lu&ocirc;n muốn tạo n&ecirc;n những sản phẩm nước hoa gi&uacute;p ph&aacute;i nữ cảm thấy y&ecirc;u thương bản th&acirc;n m&igrave;nh hơn. Xức&nbsp;<a href=\"https://theperfume.vn/brand/nuoc-hoa-narciso-rodriguez/\"><strong>nước hoa Narciso Rodriguez&nbsp;</strong></a>như d&ugrave;ng một thứ vũ kh&iacute; ri&ecirc;ng để bản th&acirc;n cảm thấy gợi cảm, quyến rũ v&agrave; tự tin hơn.</p>\r\n', 100, 0, 6),
(40, 'Nước Hoa Poison Girl Dior for women', 'Poison-Girl-Dior-4-300x300.jpg', 4190000, '<ul>\r\n	<li><strong>Nh&oacute;m nước hoa:</strong>&nbsp;Hương va-ni phương đ&ocirc;ng</li>\r\n	<li><strong>Giới t&iacute;nh:</strong>&nbsp;Nữ</li>\r\n	<li><strong>Năm ra mắt:</strong>&nbsp;2016</li>\r\n	<li><strong>S&aacute;ng tạo bởi :</strong>&nbsp;Francois Demachy</li>\r\n	<li><strong>Độ lưu hương:</strong>&nbsp;L&acirc;u &ndash; 7 giờ đến 12 giờ</li>\r\n	<li><strong>Độ toả hương:</strong>&nbsp;Xa &ndash; Toả hương trong v&ograve;ng b&aacute;n k&iacute;nh 2 m&eacute;t</li>\r\n	<li><strong>Thời điểm khuy&ecirc;n d&ugrave;ng:</strong>&nbsp;Ng&agrave;y, Đ&ecirc;m, Xu&acirc;n, Thu, Đ&ocirc;ng</li>\r\n	<li><strong>Phong c&aacute;ch:</strong>&nbsp;mạnh mẽ, quyến rũ, hiện đại</li>\r\n</ul>\r\n\r\n<h3>V&agrave;i n&eacute;t về thương hiệu&nbsp;<strong>Christian Dior</strong></h3>\r\n\r\n<p>Thương hiệu nước hoa&nbsp;<strong>Christian Dior</strong>&nbsp;xuất xứ từ kinh đ&ocirc; thời trang Ph&aacute;p, khơi gợi cảm x&uacute;c của ph&aacute;i đẹp bởi thiết kế ki&ecirc;u sa c&ugrave;ng hương thơm nồng n&agrave;n quyến rũ. L&agrave; một trong những si&ecirc;u phẩm cao cấp,&nbsp;<strong>nước hoa nữ Dior</strong>&nbsp;khiến h&agrave;ng triệu&nbsp;c&ocirc; n&agrave;ng ao&nbsp;ước&nbsp;sở hữu. Với những giải thưởng danh gi&aacute; m&agrave; thương hiệu n&agrave;y đạt được, Dior&nbsp;đ&atilde; khẳng định t&ecirc;n tuổi v&agrave; vị tr&iacute; vững chắc trong ng&agrave;nh nước hoa.</p>\r\n\r\n<p><img alt=\"Poison Girl Dior\" src=\"https://theperfume.vn/wp-content/uploads/2017/09/Poison-Girl-Dior-2-800x452.jpg\" style=\"height:452px; width:800px\" /></p>\r\n\r\n<h2>Poison Girl Dior mang phong c&aacute;ch của c&ocirc; n&agrave;ng nổi loạn</h2>\r\n\r\n<p>Nước hoa&nbsp;<strong>Poison Girl Dior&nbsp;</strong>ra mắt v&agrave;o đầu năm 2016,&nbsp;được s&aacute;ng tạo dựa tr&ecirc;n nguồn cảm hứng từ những c&ocirc; n&agrave;ng mạnh mẽ, mang phong c&aacute;ch nổi loạn, hương thơm&nbsp;<strong>Poison Girl Dior</strong>&nbsp;hiện đại, đầy l&ocirc;i cuốn.</p>\r\n\r\n<p>Hương đầu l&agrave; sự tươi m&aacute;t của hương cam v&agrave; hương chanh. Sự kết hợp n&agrave;y tạo sự dễ chịu cho người sử dụng&nbsp;<strong>Poison Girl Dior</strong>. Nối tiếp ngay sau lớp hương đầu l&agrave; m&ugrave;i hương của tinh chất hoa hồng Đan Mạch v&agrave; hoa hồng th&aacute;ng năm ngọt ng&agrave;o. Nh&agrave; pha chế của thương hiệu cho biết hoa hồng ch&iacute;nh l&agrave; hương thơm ch&iacute;nh của d&ograve;ng nước hoa cao cấp<strong>&nbsp;</strong>n&agrave;y, n&oacute; tạo ra sự sắc sảo cho mỗi c&ocirc; g&aacute;i.</p>\r\n\r\n<p>Hương thơm cuối của&nbsp;<strong>Poison Girl Dior for women&nbsp;</strong>l&agrave; sự kết hợp h&agrave;i h&ograve;a tuyệt vời của một loạt c&aacute;c loại hương thơm như: hoa Lan nhiệt đới, đậu Tonka, gỗ đ&agrave;n hương, hạnh nh&acirc;n, c&acirc;y nhựa thơm khiến m&ugrave;i hương tỏa hương xa n&ecirc;n d&ugrave; người kh&aacute;c kh&ocirc;ng đứng gần nhưng vẫn nghe m&ugrave;i thoang thoảng thơm dịu m&aacute;t.</p>\r\n\r\n<p><img alt=\"Poison Girl Dior\" src=\"https://theperfume.vn/wp-content/uploads/2017/09/Poison-Girl-Dior-1-800x466.jpg\" style=\"height:466px; width:800px\" /></p>\r\n\r\n<h3>Thiết kế&nbsp;<strong>Poison Girl Dior&nbsp;</strong>ngọt ng&agrave;o m&agrave;u hồng đỏ</h3>\r\n\r\n<p>Nước hoa&nbsp;<strong>Poison Girl Dior&nbsp;</strong>vẫn giữ nguy&ecirc;n kiểu d&aacute;ng thiết kế ban đầu, nhưng g&acirc;y ấn tượng bằng lớp vỏ thủy tinh m&agrave;u hồng đỏ ngọt ng&agrave;o, sang trọng, hiện đại.&nbsp;Nắp chai ấn tượng<strong>&nbsp;</strong>cũng l&agrave; điểm nhấn để kh&aacute;ch h&agrave;ng nhớ đến sản phẩm nước hoa n&agrave;y.</p>\r\n', 100, 0, 4),
(42, 'Nước hoa Narciso Rodriguez For Her L’absolu Eau De Parfum', 'Nuoc-hoa-Narciso-Rodriguez-For-Her-Labsolu-100ml-e1670576972773-300x300.png', 2990000, '<ul>\r\n	<li><strong>H&atilde;ng:</strong>&nbsp;Narciso Rodriguez</li>\r\n	<li><strong>Xuất xứ:</strong>&nbsp;Mỹ</li>\r\n	<li><strong>Năm sản xuất:</strong>&nbsp;2015</li>\r\n	<li><strong>S&aacute;ng tạo bởi:</strong>&nbsp;Aurelien Guichard</li>\r\n	<li><strong>Nh&oacute;m hương:&nbsp;</strong>Floral Woody Musk &ndash; Nh&oacute;m hoa cỏ gỗ xạ hương</li>\r\n	<li><strong>Thời gian lưu hương:</strong>&nbsp;L&acirc;u, từ 7 tới 12 tiếng</li>\r\n	<li><strong>Khả năng b&aacute;m tỏa:</strong>&nbsp;Gần, trong khoảng 1 c&aacute;nh tay</li>\r\n	<li><strong>Hương đầu:</strong>&nbsp;Hoa nh&agrave;i, Hoa huệ t&acirc;y</li>\r\n	<li><strong>Hương giữa:</strong>&nbsp;Xạ hương</li>\r\n	<li><strong>Hương cuối:&nbsp;</strong>Hổ ph&aacute;ch, Hoắc hương, Gỗ đ&agrave;n hương</li>\r\n	<li><strong>Phong c&aacute;ch:</strong>&nbsp;B&iacute; ẩn, Quyến rũ, Sang trọng</li>\r\n	<li><strong>Thời điểm sử dụng:&nbsp;</strong>M&ugrave;a thu &ndash; M&ugrave;a đ&ocirc;ng, Ng&agrave;y &ndash; Đ&ecirc;m</li>\r\n</ul>\r\n\r\n<h3><strong>Narciso Rodriguez For Her</strong><strong>&nbsp;L&rsquo;absolu</strong></h3>\r\n\r\n<p><a href=\"http://localhost/Du-an-1/index.php?act=sanpham&amp;categoryid=6\"><strong>Nước hoa</strong>&nbsp;<strong>Narciso Rodriguez For Her</strong><strong>&nbsp;L&rsquo;absolu 100ml&nbsp;</strong></a>l&agrave; sản phẩm tiếp theo nằm trong BST For Her của nh&agrave; Narciso Rodriguez. Lấy cảm hứng từ phi&ecirc;n bản gốc nhưng nay sản phẩm mang đến một m&ugrave;i xạ hương độc đ&aacute;o, b&iacute; ẩn hơn.<strong>&nbsp;Nước hoa Narciso t&iacute;m 100ml</strong>&nbsp;mang đến hương thơm ngọt ng&agrave;o đến từ nh&oacute;m hương hoa cỏ gỗ xạ hương. Hương thơm tưởng chừng giản dị b&igrave;nh thường nhưng lại qu&aacute; đỗi quyến rũ, sang trọng v&agrave; cuốn h&uacute;t.</p>\r\n\r\n<h2><strong>Nước hoa nữ Narciso Rodriguez v&agrave; những dấu mốc s&aacute;ng tạo</strong></h2>\r\n\r\n<p><strong><a href=\"http://localhost/Du-an-1/index.php?act=sanpham&amp;categoryid=6\">Narciso Rodriguez</a></strong>&nbsp;vừa l&agrave; t&ecirc;n của nh&agrave; thiết kế t&agrave;i ba người Mỹ gốc Cuba vừa l&agrave; t&ecirc;n của thương hiệu. Năm 2003 l&agrave; năm đ&aacute;nh dấu mốc để thương hiệu n&agrave;y cho ra đời chai nước hoa đầu ti&ecirc;n mang t&ecirc;n Narciso For Her. Sự th&agrave;nh c&ocirc;ng đến ngay lập tức với thương hiệu n&agrave;y khi Narciso For Her chinh phục được h&agrave;ng triệu c&ocirc; g&aacute;i v&agrave; nằm trong top list nước hoa b&aacute;n chạy nhất. Nhắm v&agrave;o sự nữ t&iacute;nh, tươi mới d&agrave;nh cho ph&aacute;i đẹp tr&ecirc;n to&agrave;n thế giới Narciso Rodriguez tiếp tục với phi&ecirc;n bản d&agrave;nh cho nam v&agrave;o năm 2007. T&iacute;nh từ năm 2003 đến n&agrave;y thương hiệu đ&atilde; cho ra h&agrave;ng loạt những si&ecirc;u phẩm g&acirc;y ấn tượng với cả ph&aacute;i đẹp lẫn ph&aacute;i mạnh.</p>\r\n\r\n<p><em>Narciso Rodriguez For Her L&rsquo;absolu Eau De Parfum</em></p>\r\n\r\n<p><a href=\"http://localhost/Du-an-1/index.php?act=sanpham&amp;categoryid=6\"><strong>Nước hoa nữ Narciso Rodriguez</strong></a>&nbsp;mong muốn đem tới những m&ugrave;i hương khiến ph&aacute;i đẹp cảm thấy tr&acirc;n trọng v&agrave; y&ecirc;u thương ch&iacute;nh m&igrave;nh hơn. Mỗi sản phẩm m&agrave; thương hiệu n&agrave;y tạo ra đều biến th&agrave;nh thứ vũ kh&iacute; khiến c&aacute;c n&agrave;ng trở n&ecirc;n quyến rũ, gợi cảm v&agrave; tự tin gấp bội phần.</p>\r\n', 100, 0, 6),
(43, 'Nước hoa Dior J’adore Eau De Parfum', 'Dior-Jadore-Eau-De-Parfum-2-300x300.jpg', 5490000, '<ul>\r\n	<li><strong><strong>Thương hiệu:&nbsp;</strong></strong>Christian Dior</li>\r\n	<li><strong>Xuất xứ:&nbsp;</strong>Ph&aacute;p</li>\r\n	<li><strong>Nh&agrave; s&aacute;ng tạo:&nbsp;</strong>Fran&ccedil;ois Demachy</li>\r\n	<li><strong>Năm ra mắt:</strong>&nbsp;1999</li>\r\n	<li><strong>D&ograve;ng:&nbsp;</strong>J&rsquo;adore</li>\r\n	<li><strong>Nh&oacute;m hương:&nbsp;</strong>Hương hoa cỏ tr&aacute;i c&acirc;y</li>\r\n	<li><strong>Thời gian lưu hương:&nbsp;</strong>từ 5 đến 6 giờ</li>\r\n	<li><strong>Phong c&aacute;ch:</strong>&nbsp;Nữ t&iacute;nh, sang trọng, quyến rũ</li>\r\n</ul>\r\n\r\n<h2>Nước hoa Dior J&rsquo;adore Eau De Parfum</h2>\r\n\r\n<h3>Dior J&rsquo;adore Eau De Parfum</h3>\r\n\r\n<p>Lấy cảm hứng từ vẻ đẹp sang trọng, qu&yacute; ph&aacute;i trong phong c&aacute;ch thiết kế Hy Lạp truyền thống, những lọ nước hoa&nbsp;<a href=\"https://theperfume.vn/nuoc-hoa/nuoc-hoa-dior-jadore-eau-de-parfum/\"><strong>Dior J&rsquo;adore Eau De Parfum</strong></a>&nbsp;giống như một t&aacute;c phẩm nghệ thuật xuất sắc m&agrave; thương hiệu&nbsp;Christian Dior đ&atilde; &ldquo;ưu &aacute;i&rdquo; d&agrave;nh tặng cho ph&aacute;i đẹp. Ra mắt tại thời điểm cuối những năm 90 của thế kỷ XX, c&aacute;i t&ecirc;n&nbsp;Dior J&rsquo;adore cho đến ng&agrave;y nay vẫn lu&ocirc;n giữ được sức &ldquo;n&oacute;ng&rdquo; đối với người h&acirc;m mộ, đồng thời cũng l&agrave; một trong những sản phẩm b&aacute;n chạy nhất m&agrave; thương hiệu n&agrave;y từng cho ra mắt.</p>\r\n\r\n<p><img alt=\"Nuoc-hoa-jadore-dior-eau-de-parfum-1\" src=\"https://theperfume.vn/wp-content/uploads/2018/02/Nuoc-hoa-jadore-dior-eau-de-parfum-1.png\" style=\"height:425px; width:600px\" /></p>\r\n\r\n<h2>Một v&agrave;i n&eacute;t về thương hiệu nước hoa Christian Dior</h2>\r\n\r\n<p>Ch&iacute;nh thức ra mắt v&agrave;o những năm cuối thập ni&ecirc;n 40 của thế kỷ XX,&nbsp;Christian Dior bắt đầu x&acirc;y dựng t&ecirc;n tuổi của m&igrave;nh th&ocirc;ng qua những bộ sưu tập thời trang danh tiếng. Kh&ocirc;ng l&acirc;u sau đ&oacute;, &ocirc;ng đ&atilde; mở rộng thương hiệu &ldquo;made in France&rdquo; n&agrave;y sang c&aacute;c lĩnh vực rộng lớn hơn như mỹ phẩm,&nbsp;<a href=\"https://theperfume.vn/\"><strong>nước hoa</strong></a>, trang sức&hellip; v&agrave; cuối c&ugrave;ng l&agrave; x&acirc;y dựng một &ldquo;đế chế&rdquo; khổng lồ d&agrave;nh cho những người y&ecirc;u th&iacute;ch l&agrave;m đẹp như hiện nay.</p>\r\n\r\n<p><img alt=\"Nuoc-hoa-dior-jadore-eau-de-parfum-100ml-1\" src=\"https://theperfume.vn/wp-content/uploads/2018/02/Nuoc-hoa-dior-jadore-eau-de-parfum-100ml-1.png\" style=\"height:416px; width:600px\" /></p>\r\n\r\n<p><strong><em>Dior J&rsquo;adore Eau De Parfum</em></strong></p>\r\n\r\n<p>C&ugrave;ng với Chanel, Gucci v&agrave;&nbsp;Burberry,&nbsp;Christian Dior trở th&agrave;nh một trong mười thương hiệu nước hoa l&acirc;u đời được y&ecirc;u th&iacute;ch nhất tr&ecirc;n to&agrave;n thế giới. Mang đến những s&aacute;ng kiến v&agrave; trải nghiệm ho&agrave;n to&agrave;n kh&aacute;c biệt, Dior thực sự đ&atilde; tạo n&ecirc;n một cuộc c&aacute;ch mạng lớn lao trong ng&agrave;nh c&ocirc;ng nghiệp sản xuất nước hoa khắp năm ch&acirc;u.</p>\r\n\r\n<p>Kể từ thời điểm ra mắt lần đầu ti&ecirc;n với chai nước hoa Miss Dior v&agrave;o năm 1947, Dior đ&atilde; li&ecirc;n tục hợp t&aacute;c với những nh&agrave; s&aacute;ng chế hương liệu tuyệt vời nhất thế giới nhằm tạo ra thứ nước hoa danh tiếng mọi thời đại. &ldquo;Thượng hạng, độc nhất v&agrave; trường tồn với thời gian&rdquo; &ndash; đ&oacute; l&agrave; những lời hứa m&agrave;&nbsp;Christian Dior cam kết sẽ mang đến th&ocirc;ng qua mỗi sản phẩm nước hoa chất lượng của m&igrave;nh.</p>\r\n\r\n<p>&nbsp;</p>\r\n', 100, 0, 4);
INSERT INTO `products` (`id`, `productName`, `productImage`, `productPrice`, `productDesc`, `quatity`, `productView`, `categoryId`) VALUES
(44, 'Nước hoa The Only One 2 Dolce & Gabbana Eau De Parfum 50ml', 'Nuoc-hoa-The-Only-One-2-50ml-300x274.jpg', 2560000, '<ul>\r\n	<li><strong>Thương hiệu:</strong>&nbsp;Dolce &amp; Gabbana</li>\r\n	<li><strong>Xuất xứ:</strong>&nbsp;Italia</li>\r\n	<li><strong>Năm ra mắt:</strong>&nbsp;2019</li>\r\n	<li><strong>Nh&agrave; s&aacute;ng tạo:</strong>&nbsp;</li>\r\n	<li><strong>Nh&oacute;m nước hoa:</strong>&nbsp;Oriental Vanilla &ndash; Nh&oacute;m hương Vanilla phương đ&ocirc;ng</li>\r\n	<li><strong>Độ toả hương:&nbsp;</strong>Gần, Trong v&ograve;ng một c&aacute;nh tay</li>\r\n	<li><strong>Độ lưu hương:</strong>&nbsp;Tạm ổn, Từ 4 đến 8 tiếng</li>\r\n	<li><strong>Phong c&aacute;ch:</strong>&nbsp;Tinh tế, Quyến rũ, Khi&ecirc;u kh&iacute;ch</li>\r\n	<li><strong>Thời điểm khuy&ecirc;n d&ugrave;ng:</strong>&nbsp;M&ugrave;a thu &ndash; M&ugrave;a đ&ocirc;ng, Ng&agrave;y &ndash; Đ&ecirc;m</li>\r\n	<li><strong>Dung t&iacute;ch phổ biến:&nbsp;</strong>30ml, 50ml, 100ml</li>\r\n</ul>\r\n\r\n<h3><strong>The Only One Dolce &amp; Gabbana 2</strong></h3>\r\n\r\n<p><strong><a href=\"http://localhost/Du-an-1/index.php?act=sanpham&amp;categoryid=9\">Nước hoa The Only One 2 Dolce &amp; Gabbana 50ml</a>&nbsp;</strong>l&agrave;&nbsp;d&ograve;ng&nbsp;nước hoa nữ đến từ thương hiệu Dolce &amp; Gabbana. Nằm trong BST The One, sản phẩm mang đến sự nữ t&iacute;nh v&agrave; quyến rũ hơn hẳn 2 phi&ecirc;n bản cũ.&nbsp;<strong>The Only One 2 50ml</strong>&nbsp;khiến n&agrave;ng cảm mến bởi hương thơm tr&aacute;i c&acirc;y, hoa cỏ nhẹ nh&agrave;ng, dịu ngọt. Nh&oacute;m hương Vanilla phương đ&ocirc;ng n&agrave;y cho n&agrave;ng sự tinh tế, quyến rũ v&agrave; nổi bật chốn đ&ocirc;ng người.</p>\r\n\r\n<h3><strong>V&agrave;i n&eacute;t về thương hiệu nước hoa Dolce &amp; Gabbana</strong></h3>\r\n\r\n<p>Năm 1982 2 nh&agrave; thiết kế người &Yacute; mang t&ecirc;n Domenico Dolce v&agrave; Stefano Gabbana đ&atilde; s&aacute;ng lập n&ecirc;n thương hiệu<strong>&nbsp;Dolce &amp; Gabbana</strong>&nbsp;(D&amp;G). Thương hiệu được c&ocirc;ng ch&uacute;ng y&ecirc;u th&iacute;ch bởi những BST thời trang cao cấp, đẳng cấp quốc tế. Hướng đến l&agrave; những đối tượng kh&aacute;ch h&agrave;ng trẻ D&amp;G c&ograve;n cho ra đời h&agrave;ng loạt những sản phẩm, phụ kiện kh&aacute;c như: giầy d&eacute;p, t&uacute;i x&aacute;ch, đồ l&oacute;t, mắt k&iacute;nh, trang sức,&hellip; v&agrave; đặc biệt l&agrave;&nbsp;<strong><a href=\"https://theperfume.vn/brand/nuoc-hoa-dolce-and-gabbana/\">nước hoa Dolce &amp; Gabbana</a></strong>.</p>\r\n\r\n<p><img alt=\"Dol-ce-Gab-bana-Th-e-On-ly-O-ne-2-50ml\" src=\"https://theperfume.vn/wp-content/uploads/2021/01/Dol-ce-Gab-bana-Th-e-On-ly-O-ne-2-50ml.jpg\" style=\"height:486px; width:900px\" /></p>\r\n\r\n<p><em>The Only One 2 Dolce &amp; Gabbana&nbsp;Eau De Parfum</em></p>\r\n\r\n<p>Nước hoa Dolce &amp; Gabbana khiến kh&aacute;ch h&agrave;ng th&iacute;ch th&uacute; bởi thiết kế mới mẻ, độc đ&aacute;o c&ugrave;ng m&ugrave;i hương đa dạng d&ugrave;ng cho cả ph&aacute;i mạnh lẫn ph&aacute;i đẹp. Đến nay thương hiệu đ&atilde; c&oacute; hơn 70 loại nước hoa được tạo ra bởi những nh&agrave; s&aacute;ng chế h&agrave;ng đầu thế giới. Mang đến cho người sử dụng&nbsp;<strong><a href=\"http://localhost/Du-an-1/index.php?act=sanpham&amp;categoryid=9\">nước hoa nữ Dolce &amp; Gabbana</a></strong>&nbsp;quyến rũ, gợi cảm c&ograve;n nước hoa nam Dolce &amp; Gabbana lại đầy mạnh mẽ, nam t&iacute;nh,&hellip;</p>\r\n', 100, 0, 9),
(45, 'Nước hoa Anthology L’Imperatrice 3 Dolce & Gabbana Eau De Toilette 100ml', 'Nuoc-hoa-Anthology-LImperatrice-3-100ml-300x305.png', 1950000, '<ul>\r\n	<li><strong>Xuất xứ:&nbsp;</strong>Italia</li>\r\n	<li><strong>Thời gian ra mắt:</strong>&nbsp;2009</li>\r\n	<li><strong>Phong c&aacute;ch:&nbsp;</strong>Nữ t&iacute;nh, Hấp dẫn, Sống động</li>\r\n	<li><strong>Nh&oacute;m hương:&nbsp;</strong>Hương hoa cỏ tươi m&aacute;t</li>\r\n	<li><strong>Nồng độ:&nbsp;</strong>EDT &ndash; Eau De Toilette</li>\r\n</ul>\r\n\r\n<h2><strong>Nước hoa Anthology L&rsquo;Imperatrice 3</strong>&nbsp;<strong>Dolce &amp; Gabbana<strong>&nbsp;</strong>Eau De Toilette 100ml</strong></h2>\r\n\r\n<h3><strong>Anthology L&rsquo;Imperatrice 3 Dolce &amp; Gabbana&nbsp;</strong></h3>\r\n\r\n<p><strong>Nước hoa Anthology L&rsquo;Imperatrice 3 Dolce &amp; Gabbana 100ml được giới thiệu l&agrave; chai nước hoa d&agrave;nh cho nữ</strong>. Sản phẩm n&agrave;y nằm trong BST The D&amp;G Anthology v&agrave; lấy cảm hứng từ bộ b&agrave;i tarot.&nbsp;<strong>Anthology L&rsquo;Imperatrice 3 100ml</strong>&nbsp;c&oacute; si&ecirc;u người mẫu Naomi Campbell l&agrave; người đại diện cho hương hoa n&agrave;y. Hương thơm nổi bật, hấp dẫn để n&agrave;ng lu&ocirc;n trẻ trung, sống động v&agrave; l&agrave; t&acirc;m điểm của sự ch&uacute; &yacute;.</p>\r\n\r\n<p><img alt=\"Nuoc-hoa-dg-LImperatrice-3-D-100ml\" src=\"https://theperfume.vn/wp-content/uploads/2021/01/Nuoc-hoa-dg-LImperatrice-3-D-100ml.png\" style=\"height:478px; width:850px\" /></p>\r\n\r\n<p><em>Nước hoa Anthology L&rsquo;Imperatrice 3 Dolce &amp; Gabbana&nbsp;Eau De Toilette</em></p>\r\n\r\n<p>&nbsp;</p>\r\n\r\n<h3><strong>V&agrave;i n&eacute;t về thương hiệu nước hoa Dolce &amp; Gabbana</strong></h3>\r\n\r\n<p>Năm 1982 2 nh&agrave; thiết kế người &Yacute; mang t&ecirc;n Domenico Dolce v&agrave; Stefano Gabbana đ&atilde; s&aacute;ng lập n&ecirc;n thương hiệu<strong>&nbsp;Dolce &amp; Gabbana</strong>&nbsp;(D&amp;G). Thương hiệu được c&ocirc;ng ch&uacute;ng y&ecirc;u th&iacute;ch bởi những BST thời trang cao cấp, đẳng cấp quốc tế. Hướng đến l&agrave; những đối tượng kh&aacute;ch h&agrave;ng trẻ D&amp;G c&ograve;n cho ra đời h&agrave;ng loạt những sản phẩm, phụ kiện kh&aacute;c như: giầy d&eacute;p, t&uacute;i x&aacute;ch, đồ l&oacute;t, mắt k&iacute;nh, trang sức,&hellip; v&agrave; đặc biệt l&agrave;&nbsp;<strong><a href=\"http://localhost/Du-an-1/index.php?act=sanpham&amp;categoryid=9\">nước hoa Dolce &amp; Gabbana</a></strong>.</p>\r\n\r\n<p><em>Anthology L&rsquo;Imperatrice 3 Dolce &amp; Gabbana&nbsp;Eau De Toilette</em></p>\r\n\r\n<p>Nước hoa Dolce &amp; Gabbana khiến kh&aacute;ch h&agrave;ng th&iacute;ch th&uacute; bởi thiết kế mới mẻ, độc đ&aacute;o c&ugrave;ng m&ugrave;i hương đa dạng d&ugrave;ng cho cả ph&aacute;i mạnh lẫn ph&aacute;i đẹp. Đến nay thương hiệu đ&atilde; c&oacute; hơn 70 loại nước hoa được tạo ra bởi những nh&agrave; s&aacute;ng chế h&agrave;ng đầu thế giới. Mang đến cho người sử dụng&nbsp;<strong><a href=\"http://localhost/Du-an-1/index.php?act=sanpham&amp;categoryid=9\">nước hoa nữ Dolce &amp; Gabbana</a></strong>&nbsp;quyến rũ, gợi cảm c&ograve;n nước hoa nam Dolce &amp; Gabbana lại đầy mạnh mẽ, nam t&iacute;nh,&hellip;</p>\r\n', 100, 1, 9),
(46, 'Nước Hoa Narciso Rodriguez Eau De Parfum 90ml', 'nuoc-hoa-narciso-rodriguez-narciso-edp-90ml-e1670573684804-300x300.jpeg', 2990000, '<ul>\r\n	<li><strong>Nh&oacute;m:</strong>&nbsp;Hương Floral, Woody &ndash; Musk &ndash; hoa cỏ, gỗ v&agrave; xạ hương</li>\r\n	<li><strong>Năm tr&igrave;nh l&agrave;ng:</strong>&nbsp;2014</li>\r\n	<li><strong>Khả năng toả hương:</strong>&nbsp;Gần, khoảng c&aacute;nh tay</li>\r\n	<li><strong>Độ bền m&ugrave;i:</strong>&nbsp;L&acirc;u, 7-12 giờ liền.</li>\r\n	<li><strong>N&ecirc;n d&ugrave;ng:</strong>&nbsp;Thu &ndash; Đ&ocirc;ng, Ng&agrave;y &ndash; Đ&ecirc;m.</li>\r\n</ul>\r\n\r\n<h2>Nước Hoa Narciso Rodriguez Eau De Parfum 90ml</h2>\r\n\r\n<h3>Nước Hoa Narciso trắng l&ugrave;n 90ml</h3>\r\n\r\n<p><a href=\"http://localhost/Du-an-1/index.php?act=sanpham&amp;categoryid=6\"><strong>Nước hoa Narcico trắng l&ugrave;n 90ml</strong>&nbsp;</a>vẫn l&agrave; một trong những xạ hương quyến rũ nhất trong c&aacute;c phi&ecirc;n bản Narciso Rodriguez. Chai nước hoa n&agrave;y c&oacute; trung t&acirc;m l&agrave; xạ hương. Dấu ấn ấy được l&agrave;m nổi bật nhờ gỗ đậm đ&agrave;, nhờ cỏ vetiver c&ugrave;ng hương hoa gardenia dịu d&agrave;ng, l&oacute;ng l&aacute;nh, hương hoa hồng ngọt ng&agrave;o, rạng rỡ. Giữa h&agrave;ng loạt những &ldquo;mỹ nh&acirc;n&rdquo; Narciso, liệu chai<strong>&nbsp;nước hoa Narciso Rodriguez</strong>&nbsp;n&agrave;y c&oacute; phải &ldquo;người t&igrave;nh trăm năm&rdquo; của n&agrave;ng? Xạ hương ho&agrave; c&ugrave;ng nhịp phấn, vừa ấm &aacute;p, dễ chịu, vừa lan toả nhờ th&acirc;n nhiệt tự nhi&ecirc;n của ph&aacute;i đẹp, hợp th&agrave;nh sự quyến rũ kh&oacute; c&oacute; thể chối từ. Một chai nước hoa khiến ai nấy muốn gần gũi m&atilde;i, cảnh b&aacute;o cẩn thận kh&ocirc;ng đ&aacute;nh mất ch&iacute;nh m&igrave;nh v&igrave; lỡ b&ugrave;ng ch&aacute;y cảm x&uacute;c.</p>\r\n\r\n<p><img alt=\"nuoc-hoa-narciso-trang-lun-90ml\" src=\"https://theperfume.vn/wp-content/uploads/2022/01/nuoc-hoa-narciso-trang-lun-90ml.jpeg\" style=\"height:600px; width:800px\" /></p>\r\n\r\n<p>Nước hoa Narciso EDP 90ml</p>\r\n\r\n<h2>C&acirc;u chuyện về Narciso Rodriguez &ndash; nước hoa Nar trắng l&ugrave;n 90ml</h2>\r\n\r\n<p>Thời điểm Narciso Rodriguez tr&igrave;nh l&agrave;ng d&ograve;ng nước hoa đầu ti&ecirc;n mang t&ecirc;n m&igrave;nh ch&iacute;nh l&agrave; 2003. Chai nước hoa For Her EDT vỏ đen ngay lập tức trở th&agrave;nh c&aacute;i t&ecirc;n được săn đ&oacute;n bậc nhất nước Mỹ cũng như tr&ecirc;n to&agrave;n thế giới. Đế chế của thương hiệu n&agrave;y x&acirc;y dựng n&ecirc;n ng&agrave;y c&agrave;ng lớn mạnh khi bất cứ c&aacute;i t&ecirc;n n&agrave;o xuất hiện cũng lập tức g&acirc;y sốt. H&atilde;ng chế t&aacute;c nhiều si&ecirc;u phẩm ấn tượng, v&agrave; một cột mốc đ&aacute;ng nhớ l&agrave; năm 2014, với sự ra đời của&nbsp;<strong>Nước Hoa Narciso trắng l&ugrave;n 90ml</strong>&nbsp;n&agrave;y.</p>\r\n', 100, 0, 6),
(47, 'Nước Hoa Dolce & Gabbana Dolce Eau De Parfum', 'Dolce-Gabbana-Dolce-5-300x300.jpg', 2930000, '<ul>\r\n	<li><strong>Nh&oacute;m nước hoa:</strong>&nbsp;Hương hoa cỏ</li>\r\n	<li><strong>Giới t&iacute;nh:</strong>&nbsp;Nữ</li>\r\n	<li><strong>Năm ra mắt:</strong>&nbsp;2014</li>\r\n	<li><strong>S&aacute;ng tạo bởi:</strong>&nbsp;Jean-Marc Chaillan, Laurent Le Guernec</li>\r\n	<li><strong>Độ lưu hương:</strong>&nbsp;Kh&aacute; l&acirc;u, trung b&igrave;nh từ 6 đến 8 giờ</li>\r\n	<li><strong>Độ toả hương:</strong>&nbsp;Thoang thoảng, dịu nhẹ xung quanh</li>\r\n	<li><strong>Thời điểm khuy&ecirc;n d&ugrave;ng:</strong>&nbsp;M&ugrave;a xu&acirc;n &ndash; h&egrave;, ng&agrave;y &ndash; đ&ecirc;m</li>\r\n	<li><strong>Phong c&aacute;ch:</strong>&nbsp;Nhẹ nh&agrave;ng, nữ t&iacute;nh, dịu d&agrave;ng</li>\r\n</ul>\r\n\r\n<h2>Nước Hoa Dolce &amp; Gabbana Dolce&nbsp;Eau De Parfum</h2>\r\n\r\n<h3>Dolce &amp; Gabbana Dolce</h3>\r\n\r\n<p><strong><a href=\"https://theperfume.vn/nuoc-hoa/nuoc-hoa-dolce-gabbana-dolce/\">Nước hoa Dolce &amp; Gabbana Dolce</a>&nbsp;</strong>d&agrave;nh cho nữ giới ra mắt năm 2014 do nh&agrave; pha chế Jean-Marc Chaillan v&agrave; Laurent Le Guernec s&aacute;ng tạo l&ecirc;n. T&ocirc;ng m&agrave;u xanh m&aacute;t của&nbsp;<strong>Dolce</strong>&nbsp;khiến kh&aacute;ch h&agrave;ng li&ecirc;n tưởng đến một h&agrave;nh tr&igrave;nh chinh phục c&aacute;i đẹp của c&aacute;c c&ocirc; g&aacute;i tr&ecirc;n đảo Sicily mang đến phong c&aacute;ch trẻ trung, m&aacute;t mẻ rất nữ t&iacute;nh.</p>\r\n\r\n<p><img alt=\"Dolce-Gabbana-Dolce-3-800x449\" src=\"https://theperfume.vn/wp-content/uploads/2017/09/Dolce-Gabbana-Dolce-3-800x449-1.jpg\" style=\"height:388px; width:600px\" /></p>\r\n\r\n<h3>Thương hiệu uy t&iacute;n h&agrave;ng đầu thế giới</h3>\r\n\r\n<p><strong>Thương hiệu Dolce &amp; Gabbana</strong>&nbsp;(D&amp;G) ra mắt năm 1985 do 2 nh&agrave; thiết kế người &Yacute; l&agrave; Domenico Dolce v&agrave; Stefano Gabbana s&aacute;ng lập l&ecirc;n. Được biết đến với sự th&agrave;nh c&ocirc;ng của&nbsp;những bộ c&aacute;nh thời trang lạ lẫm v&agrave; đẳng cấp, một lần nữa&nbsp;sự ra đời của&nbsp;<strong>nước hoa D&amp;G</strong>&nbsp;đ&atilde; khiến kh&aacute;ch h&agrave;ng th&iacute;ch th&uacute;&nbsp;bởi thiết kế lộng lẫy c&ugrave;ng m&ugrave;i hương quyến rũ&nbsp;d&ugrave;ng được&nbsp;cho cả ph&aacute;i nam lẫn ph&aacute;i nữ.</p>\r\n\r\n<p><img alt=\"Dolce-Gabbana-Dolce-2\" src=\"https://theperfume.vn/wp-content/uploads/2017/09/Dolce-Gabbana-Dolce-2-2.jpg\" style=\"height:294px; width:600px\" /></p>\r\n\r\n<h3><strong>Dolce &amp; Gabbana Dolce thơm dịu nhẹ</strong></h3>\r\n\r\n<p>Nước hoa nữ&nbsp;<strong>Dolce &amp; Gabbana Dolce</strong>&nbsp;được ph&aacute;i đẹp hết lời ca ngợi từ thiết kế đến m&ugrave;i hương hoa cỏ nhẹ nh&agrave;ng thanh lịch. Với&nbsp;th&agrave;nh phần hương thơm s&aacute;ng tạo đầy nghệ thuật từ nhiều loại hương liệu chiết xuất từ thi&ecirc;n nhi&ecirc;n. Lớp hương đầu l&agrave; sự b&ugrave;ng nổ của hoa cam Neroli, hoa c&acirc;y đu đủ; sự kết hợp n&agrave;y khiến người d&ugrave;ng như đắm ch&igrave;m trong cảm gi&aacute;c ngọt ng&agrave;o s&acirc;u lắng.</p>\r\n\r\n<p>Tiếp nối ngay sau đ&oacute; l&agrave; sự kết hợp của hoa s&uacute;ng, hoa loa k&egrave;n đỏ v&agrave; hoa thủy ti&ecirc;n lần đầu được sử dụng trong nước hoa&nbsp;<strong>Dolce &amp; Gabbana Dolce</strong>&nbsp;cũng được xem l&agrave; n&eacute;t độc đ&aacute;o, sang trọng chưa từng c&oacute;. M&ugrave;i hương của gỗ Cashmere, gỗ đ&agrave;n hương, xạ hương ở n&eacute;t hương cuối tạo n&ecirc;n một sự gợi cảm v&ocirc; c&ugrave;ng, n&oacute; mang đến m&agrave;u sắc của rừng c&acirc;y, hoa cỏ, vị cay nồng của đất, của gi&oacute; cũng xuất hiện tại đ&acirc;y.</p>\r\n', 100, 0, 9),
(48, 'Nước hoa Le Labo Bergamote 22 EDP', 'Nuoc-Hoa-Lelabo-Bergamote-22-unisex-50ml-NHL20-345x400.jpg', 4300000, '<table cellspacing=\"0\">\r\n	<tbody>\r\n		<tr>\r\n			<td><strong>Thương hiệu&nbsp;&nbsp;</strong></td>\r\n			<td>:</td>\r\n			<td>Le labo</td>\r\n		</tr>\r\n		<tr>\r\n			<td><strong>Nồng độ&nbsp;&nbsp;&nbsp;&nbsp;&nbsp;</strong></td>\r\n			<td>:</td>\r\n			<td>Eau de Parfum</td>\r\n		</tr>\r\n		<tr>\r\n			<td><strong>Nh&oacute;m hương</strong></td>\r\n			<td>:</td>\r\n			<td>Hương gỗ thơm</td>\r\n		</tr>\r\n		<tr>\r\n			<td><strong>M&ugrave;i hương ch&iacute;nh</strong></td>\r\n			<td>:</td>\r\n			<td>Quả bưởi,&nbsp;Cam Bergamot</td>\r\n		</tr>\r\n		<tr>\r\n			<td><strong>Độ lưu hương&nbsp;&nbsp;</strong></td>\r\n			<td>:</td>\r\n			<td>L&acirc;u - 7h đến 12h</td>\r\n		</tr>\r\n		<tr>\r\n			<td><strong>Độ toả hương</strong></td>\r\n			<td>:</td>\r\n			<td>Gần - Trong v&ograve;ng một c&aacute;nh tay</td>\r\n		</tr>\r\n		<tr>\r\n			<td><strong>Phong c&aacute;ch&nbsp;&nbsp;&nbsp;</strong></td>\r\n			<td>:</td>\r\n			<td>Cuốn h&uacute;t, Tinh tế, Sang trọng</td>\r\n		</tr>\r\n		<tr>\r\n			<td><strong>Xuất xứ&nbsp;</strong></td>\r\n			<td>:</td>\r\n			<td>Mỹ</td>\r\n		</tr>\r\n		<tr>\r\n			<td><strong>Năm ph&aacute;t h&agrave;nh&nbsp;</strong></td>\r\n			<td>:</td>\r\n			<td>2006</td>\r\n		</tr>\r\n	</tbody>\r\n</table>\r\n\r\n<h2><em><strong>Giới thiệu nước hoa Le Labo Bergamote 22 EDP</strong></em></h2>\r\n\r\n<p>Nước hoa unisex<strong>&nbsp;Le Labo Bergamote 22 EDP</strong>&nbsp;của&nbsp;<a href=\"http://localhost/Du-an-1/index.php?act=sanpham&amp;categoryid=5\">thương hiệu&nbsp;</a><strong><a href=\"https://vperfume.vn/collections/nuoc-hoa-le-labo\">Le Labo</a>&nbsp;</strong>l&agrave; một mẫu nước hoa thuộc d&ograve;ng hương gỗ - thơm d&agrave;nh cho cả nam lẫn nữ. Chai nước hoa n&agrave;y được tung ra v&agrave;o năm 2006 v&agrave; đ&atilde; được tinh chế dưới b&agrave;n tay t&agrave;i ba của Daphne Bugey. Bergamot 22 được đặt cho một biệt danh l&agrave; &quot;nước hoa lửa&quot;, l&agrave; một mẫu nước hoa unisex với một c&aacute; t&iacute;nh kh&aacute; độc đ&aacute;o với độ lưu hương tốt.</p>\r\n\r\n<p><a href=\"https://vperfume.vn/products/le-labo-bergamote-22-edp\"><img alt=\"Nước hoa Le Labo Bergamote 22 EDP\" src=\"https://file.hstatic.net/1000339918/file/le-labo-bergamote-22-edp__7__6df5a313e11d412bbc9a8b688654c242_grande.jpg\" /></a></p>\r\n\r\n<h2><strong><em>M&ocirc; tả m&ugrave;i hương&nbsp;Le Labo Bergamote 22 EDP</em></strong></h2>\r\n\r\n<p>Nước hoa&nbsp;<strong>Le Labo Bergamote 22 EDP</strong>&nbsp;hệt như một chiếc &aacute;o ph&ocirc;ng đơn giản được cắt may bằng những đường n&eacute;t tinh tế từ một nh&agrave; thiết kế thời trang chuy&ecirc;n nghiệp.&nbsp;Hương thơm&nbsp;l&agrave; sự h&ograve;a trộn giữa những hương thơm m&agrave; bạn c&oacute; thể bất gặp trong hầu hết những d&ograve;ng nước hoa, nhưng c&aacute;i bạn nhận lại l&agrave; sự kh&aacute;c biệt đến lạ lẫm, ngỡ ng&agrave;ng v&agrave; dần ngưỡng mộ trước những g&igrave; m&agrave; c&aacute;c gi&aacute;c quan được thưởng thức.</p>\r\n\r\n<p>Kh&ocirc;ng đ&aacute;nh đố khứu gi&aacute;c để d&ograve; t&igrave;m về m&ugrave;i hương, Le Labo Bergamote 22 thể hiện sự trong trẻo, tho&aacute;ng m&aacute;t của nh&oacute;m hương Citrus một c&aacute;ch r&otilde; n&eacute;t. Th&agrave;nh phần cam Bergamote kết hợp c&ugrave;ng quả bưởi, tinh dầu l&aacute; chanh, hương thơm như hấp thụ ho&agrave;n to&agrave;n &aacute;nh s&aacute;ng Mặt Trời, tỏa s&aacute;ng rạng ngời v&agrave; nhảy m&uacute;a lấp l&aacute;nh tr&ecirc;n l&agrave;n da.&nbsp;</p>\r\n\r\n<p>Trong khoảnh khắc ấy, những đ&oacute;a hoa cam cũng vừa kịp nở, ngọt ng&agrave;o như giọt mật, mềm mại như giọt sữa, v&agrave; được rắc v&agrave;o một ch&uacute;t Vani. Bạn kh&ocirc;ng cần th&ecirc;m một thứ thanh &acirc;m n&agrave;o nữa, v&igrave; sự cảm gi&aacute;c rộn r&agrave;ng đang hối hả dưới l&agrave;n da, với Le Labo Bergamote 22, tất cả những g&igrave; bạn cần l&agrave; kh&ocirc;ng gian để tận hưởng.</p>\r\n\r\n<p><a href=\"https://vperfume.vn/products/le-labo-bergamote-22-edp\"><img alt=\"Nước hoa Le Labo Bergamote 22 EDP\" src=\"https://file.hstatic.net/1000339918/file/le-labo-bergamote-22-edp__6__408f1b0e1cc04cb88b900e33a93ff963_grande.jpg\" /></a></p>\r\n\r\n<p><em><strong>Th&agrave;nh phần m&ugrave;i hương</strong></em></p>\r\n\r\n<ul>\r\n	<li><strong>Hương ch&iacute;nh:&nbsp;</strong><a href=\"https://vperfume.vn/collections/ho-phach\" target=\"_self\">Hổ ph&aacute;ch</a>,&nbsp;<a href=\"https://vperfume.vn/collections/xa-huong\" target=\"_self\">Xạ hương</a>,&nbsp;<a href=\"https://vperfume.vn/collections/qua-buoi\" target=\"_self\">Quả bưởi</a>,&nbsp;<a href=\"https://vperfume.vn/collections/co-huong-bai\" target=\"_self\">Cỏ hương b&agrave;i</a>,&nbsp;<a href=\"https://vperfume.vn/collections/tinh-dau-la-cam\" target=\"_self\">Tinh dầu l&aacute; cam</a>,&nbsp;<a href=\"https://vperfume.vn/collections/cam-bergamot\" target=\"_self\">Cam Bergamot</a>,&nbsp;<a href=\"https://vperfume.vn/collections/huong-vanilla\" target=\"_self\">Hương Vanilla</a>,&nbsp;<a href=\"https://vperfume.vn/collections/hoa-cam\" target=\"_self\">Hoa cam</a>,&nbsp;<a href=\"https://vperfume.vn/collections/go-tuyet-tung\" target=\"_self\">Gỗ tuyết t&ugrave;ng</a></li>\r\n</ul>\r\n\r\n<p><em><strong>Thời điểm d&ugrave;ng:</strong></em>&nbsp;Ng&agrave;y, Đ&ecirc;m, Xu&acirc;n, Hạ</p>\r\n\r\n<h2><strong><em>Thiết kế chai nước hoa Le Labo Bergamote 22 EDP</em></strong></h2>\r\n\r\n<p>Nước hoa&nbsp;<strong>Le Labo Bergamote 22 EDP</strong>&nbsp;mang thiết kế chai đặc trưng của thương hiệu Le Labo Mỹ với tạo h&igrave;nh giống như một chai đựng h&oacute;a chất trong c&aacute;c ph&ograve;ng th&iacute; nghiệm m&agrave; kh&ocirc;ng ở đ&acirc;u c&oacute;. Th&acirc;n chai l&agrave;m bằng lọ thủy tinh trong suốt với nắp bạc, v&agrave; được d&aacute;n giấy trắng in t&ecirc;n nguy&ecirc;n liệu + số nguy&ecirc;n liệu, ng&agrave;y sản xuất, dung t&iacute;ch v&agrave; t&ecirc;n người sở hữu. Nắp chai in ch&igrave;m t&ecirc;n thương hiệu cũng l&agrave; điểm nhấn tạo n&ecirc;n vẻ đệp tinh tế m&agrave; đầy đơn giản của chai nước hoa n&agrave;y.</p>\r\n\r\n<p>&nbsp;</p>\r\n', 100, 2, 5),
(49, 'Nước hoa The Only One Dolce & Gabbana Eau De Parfum 50ml', 'Nuoc-hoa-The-Only-One-50ml-300x287.jpg', 2560000, '<ul>\r\n	<li><strong>Thương hiệu:</strong>&nbsp;Dolce &amp; Gabbana</li>\r\n	<li><strong>Xuất xứ:</strong>&nbsp;Italia</li>\r\n	<li><strong>Năm ra mắt:</strong>&nbsp;2018</li>\r\n	<li><strong>Nh&agrave; s&aacute;ng tạo:</strong>&nbsp;</li>\r\n	<li><strong>Nh&oacute;m nước hoa:</strong>&nbsp;Oriental Vanilla &ndash; Nh&oacute;m hương Vanilla phương đ&ocirc;ng</li>\r\n	<li><strong>Độ toả hương:&nbsp;</strong>Gần, Trong v&ograve;ng một c&aacute;nh tay</li>\r\n	<li><strong>Độ lưu hương:</strong>&nbsp;Tạm ổn, Từ 4 đến 8 tiếng</li>\r\n	<li><strong>Phong c&aacute;ch:</strong>&nbsp;Sang trọng, Qu&yacute; ph&aacute;i, L&ocirc;i cuốn</li>\r\n	<li><strong>Thời điểm khuy&ecirc;n d&ugrave;ng:</strong>&nbsp;M&ugrave;a thu &ndash; M&ugrave;a đ&ocirc;ng, Ng&agrave;y &ndash; Đ&ecirc;m</li>\r\n	<li><strong>Dung t&iacute;ch phổ biến:&nbsp;</strong>30ml, 50ml, 100ml</li>\r\n</ul>\r\n\r\n<h2><strong>Nước hoa The Only One Dolce &amp; Gabbana<strong>&nbsp;</strong>Eau De Parfum 50ml</strong></h2>\r\n\r\n<h3><strong>The Only One Dolce &amp; Gabbana</strong></h3>\r\n\r\n<p><a href=\"https://theperfume.vn/nuoc-hoa/nuoc-hoa-the-only-one-dolce-gabbana-eau-de-parfum-50ml/\"><strong>Nước hoa The Only One Dolce &amp; Gabbana 50ml&nbsp;</strong></a>l&agrave;&nbsp;d&ograve;ng&nbsp;nước hoa nữ đến từ thương hiệu cao cấp Dolce &amp; Gabbana. Đ&acirc;y l&agrave; phi&ecirc;n bản mới thuộc chủ đề The One d&atilde; từng ra mắt năm 2006. Sản phẩm được m&ocirc; tả l&agrave; chứa đựng những g&igrave; thuần khiết nhất đến từ sự nữ t&iacute;nh v&agrave; quyến rũ.&nbsp;<strong>The Only One 50ml</strong>&nbsp;mang hương thơm tinh tế, ngọt ng&agrave;o của nh&oacute;m hương Vanilla phương đ&ocirc;ng. Để n&agrave;ng lu&ocirc;n l&agrave; duy nhất, khiến bao &aacute;nh mắt phải đắm đuối nh&igrave;n theo những cử chỉ h&agrave;nh động của n&agrave;ng.</p>\r\n\r\n<p><img alt=\"model-of-th-e-on-ly-on-e-50ml\" src=\"https://theperfume.vn/wp-content/uploads/2021/01/model-of-th-e-on-ly-on-e-50ml.jpg\" style=\"height:904px; width:900px\" /></p>\r\n\r\n<p><em>Nước hoa The Only One Dolce &amp; Gabbana&nbsp;Eau De Parfum</em></p>\r\n\r\n<h3><strong>V&agrave;i n&eacute;t về thương hiệu nước hoa Dolce &amp; Gabbana</strong></h3>\r\n\r\n<p>Năm 1982 2 nh&agrave; thiết kế người &Yacute; mang t&ecirc;n Domenico Dolce v&agrave; Stefano Gabbana đ&atilde; s&aacute;ng lập n&ecirc;n thương hiệu<strong>&nbsp;Dolce &amp; Gabbana</strong>&nbsp;(D&amp;G). Thương hiệu được c&ocirc;ng ch&uacute;ng y&ecirc;u th&iacute;ch bởi những BST thời trang cao cấp, đẳng cấp quốc tế. Hướng đến l&agrave; những đối tượng kh&aacute;ch h&agrave;ng trẻ D&amp;G c&ograve;n cho ra đời h&agrave;ng loạt những sản phẩm, phụ kiện kh&aacute;c như: giầy d&eacute;p, t&uacute;i x&aacute;ch, đồ l&oacute;t, mắt k&iacute;nh, trang sức,&hellip; v&agrave; đặc biệt l&agrave;&nbsp;<strong><a href=\"https://theperfume.vn/brand/nuoc-hoa-dolce-and-gabbana/\">nước hoa Dolce &amp; Gabbana</a></strong>.</p>\r\n\r\n<p><img alt=\"Th-e-On-ly-On-e-Dol-ce-Gab-bana-50ml\" src=\"https://theperfume.vn/wp-content/uploads/2021/01/Th-e-On-ly-On-e-Dol-ce-Gab-bana-50ml.jpg\" style=\"height:534px; width:900px\" /></p>\r\n\r\n<p><em>The Only One Dolce &amp; Gabbana&nbsp;Eau De Parfum</em></p>\r\n\r\n<p>Nước hoa Dolce &amp; Gabbana khiến kh&aacute;ch h&agrave;ng th&iacute;ch th&uacute; bởi thiết kế mới mẻ, độc đ&aacute;o c&ugrave;ng m&ugrave;i hương đa dạng d&ugrave;ng cho cả ph&aacute;i mạnh lẫn ph&aacute;i đẹp. Đến nay thương hiệu đ&atilde; c&oacute; hơn 70 loại nước hoa được tạo ra bởi những nh&agrave; s&aacute;ng chế h&agrave;ng đầu thế giới. Mang đến cho người sử dụng&nbsp;<strong><a href=\"https://theperfume.vn/nuoc-hoa-nu/dolce-gabbana-women/\">nước hoa nữ Dolce &amp; Gabbana</a></strong>&nbsp;quyến rũ, gợi cảm c&ograve;n nước hoa nam Dolce &amp; Gabbana lại đầy mạnh mẽ, nam t&iacute;nh,&hellip;</p>\r\n\r\n<h2><strong>Nước hoa&nbsp;<strong>The Only One Dolce &amp; Gabbana 50ml</strong></strong><strong>&nbsp;&ndash; Lu&ocirc;n l&agrave; một c&aacute; thể đặc biệt v&agrave; duy nhất</strong></h2>\r\n\r\n<h3><strong><strong>The Only One Dolce &amp; Gabbana</strong>&nbsp;</strong><strong>Eau De Parfum</strong></h3>\r\n\r\n<p>Để tiếp nối th&agrave;nh c&ocirc;ng của chủ đề The One v&agrave;o năm 2006 với hương thơm hoa cỏ phương đ&ocirc;ng. Đến với năm 2018 một phi&ecirc;n bản mới của The One &ndash;<strong>&nbsp;nước hoa The Only One 50ml</strong>&nbsp;ra đời. Đ&acirc;y l&agrave; chai nước hoa c&oacute; thể nắm bắt được sự cội nguồn của sự nữ t&iacute;nh, s&agrave;nh điệu v&agrave; m&ecirc; hoặc.&nbsp;<a href=\"https://theperfume.vn/nuoc-hoa/nuoc-hoa-the-only-one-dolce-gabbana-eau-de-parfum/\"><strong>Nước hoa The Only One Dolce &amp; Gabbana</strong></a>&nbsp;mang hương thơm đầy tinh tế v&agrave; độc đ&aacute;o. Mang đến trải nghiệm đầy th&uacute; vị về sự sang trọng v&agrave; đầy l&ocirc;i cuốn của d&ograve;ng nước hoa cao cấp. Để n&agrave;ng lu&ocirc;n nổi bật tự tin l&agrave; ch&iacute;nh m&igrave;nh. D&ugrave; ở bất cứ đ&acirc;u, trong trường hợp n&agrave;o n&agrave;ng vẫn lu&ocirc;n l&agrave; duy nhất như ch&iacute;nh t&ecirc;n gọi của sản phẩm.</p>\r\n\r\n<p><img alt=\"The Only One Dolce &amp; Gabbana EDP 50ml\" src=\"https://theperfume.vn/wp-content/uploads/2021/01/The-Only-One-Dolce-Gabbana-EDP-50ml.jpg\" style=\"height:643px; width:900px\" /></p>\r\n\r\n<p><em>Hương thơm tinh tế, độc đ&aacute;o của The Only One Dolce &amp; Gabbana&nbsp;EDP</em></p>\r\n\r\n<h3><strong>Hương thơm tinh tế, độc đ&aacute;o của The Only One Dolce &amp; Gabbana<strong>&nbsp;</strong>EDP</strong></h3>\r\n\r\n<p><strong>The Only One Dolce &amp; Gabbana 50ml</strong>&nbsp;tạo n&ecirc;n một m&ugrave;i hương độc nhất, mới mẻ v&agrave; độc đ&aacute;o. Mở đầu bằng hương thơm tươi m&aacute;t, s&aacute;ng kho&aacute;i của nốt hương cam chanh. Chấm ph&aacute; trong đ&oacute; l&agrave; sự thư gi&atilde;n, nhẹ nh&agrave;ng của đ&oacute;a hoa m&agrave;u xanh Violet. Để tiếp tục ngay sau đ&oacute; hoa cam v&agrave; hoa hồng phủ lấp bằng sự nữ t&iacute;nh v&agrave; trẻ trung. Tr&aacute;i l&ecirc; tươi m&aacute;t kết hợp với hương c&agrave; ph&ecirc; cuốn h&uacute;t tạo n&ecirc;n sự quyến rũ cho nốt hương giữa. Hoắc hương thơm cay dịu ngọt l&agrave;m nền cho Caramel v&agrave; vanilla tỏa hương. Hương Vanilla ngọt ng&agrave;o, mềm mịn bao v&acirc;y lấy Caramel b&eacute;o ngậy m&ecirc; hoặc đối phương đến ph&uacute;t cuối c&ugrave;ng.</p>\r\n\r\n<p>&nbsp;</p>\r\n', 100, 1, 9),
(50, 'Nước hoa Le Labo The Noir 29 EDP', 'nuoc-hoa-le-labo-the-noir-29-100ml-620711cdb3519-12022022084757.jpg', 2560000, '<table cellspacing=\"0\">\r\n	<tbody>\r\n		<tr>\r\n			<td><strong>Thương hiệu&nbsp;&nbsp;</strong></td>\r\n			<td>:</td>\r\n			<td>Le labo</td>\r\n		</tr>\r\n		<tr>\r\n			<td><strong>Nồng độ&nbsp;&nbsp;&nbsp;&nbsp;&nbsp;</strong></td>\r\n			<td>:</td>\r\n			<td>Eau de Parfum</td>\r\n		</tr>\r\n		<tr>\r\n			<td><strong>Nh&oacute;m hương</strong></td>\r\n			<td>:</td>\r\n			<td>Hương gỗ thơm</td>\r\n		</tr>\r\n		<tr>\r\n			<td><strong>M&ugrave;i hương ch&iacute;nh</strong></td>\r\n			<td>:</td>\r\n			<td>L&aacute; nguyệt quế,&nbsp;Gỗ tuyết t&ugrave;ng</td>\r\n		</tr>\r\n		<tr>\r\n			<td><strong>Độ lưu hương&nbsp;&nbsp;</strong></td>\r\n			<td>:</td>\r\n			<td>L&acirc;u - 7h đến 12h</td>\r\n		</tr>\r\n		<tr>\r\n			<td><strong>Độ toả hương</strong></td>\r\n			<td>:</td>\r\n			<td>Gần - Trong v&ograve;ng một c&aacute;nh tay</td>\r\n		</tr>\r\n		<tr>\r\n			<td><strong>Phong c&aacute;ch&nbsp;&nbsp;&nbsp;</strong></td>\r\n			<td>:</td>\r\n			<td>Cuốn h&uacute;t, Tinh tế, Sang trọng</td>\r\n		</tr>\r\n		<tr>\r\n			<td><strong>Xuất xứ&nbsp;</strong></td>\r\n			<td>:</td>\r\n			<td>Mỹ</td>\r\n		</tr>\r\n		<tr>\r\n			<td><strong>Năm ph&aacute;t h&agrave;nh&nbsp;</strong></td>\r\n			<td>:</td>\r\n			<td>2015</td>\r\n		</tr>\r\n	</tbody>\r\n</table>\r\n\r\n<h2><strong><em>Giới thiệu nước hoa&nbsp;Le Labo The Noir 29 EDP</em></strong></h2>\r\n\r\n<p>Nước hoa unisex&nbsp;<strong>The Noir 29&nbsp;</strong>của&nbsp;<a href=\"http://localhost/Du-an-1/index.php?act=sanpham&amp;categoryid=5\">thương hiệu&nbsp;</a><a href=\"https://vperfume.vn/collections/nuoc-hoa-le-labo\">Le Labo</a>&nbsp;được ra mắt 2015 ch&iacute;nh l&agrave; &ldquo;lời ngợi ca&rdquo; đối với l&aacute; tr&agrave; cũng như nghề thủ c&ocirc;ng xung quanh n&oacute;. M&ugrave;i hương đặc biệt của tr&agrave; đan xen nhẹ nh&agrave;ng với cam Bergamote v&agrave; quả sung, th&ecirc;m thắt hương đậm đ&agrave; của tuyết t&ugrave;ng, xạ hương v&agrave; cỏ hương b&agrave;i. C&aacute;c l&aacute; tr&agrave; được sử dụng kh&eacute;o l&eacute;o để mang một chất lượng thu h&uacute;t tới sản phẩm, tạo chỗ đứng ri&ecirc;ng biệt cho The Noir 29 tr&ecirc;n bảng xếp hạng c&aacute;c m&ugrave;i hương.</p>\r\n\r\n<p><a href=\"https://vperfume.vn/products/le-labo-the-noir-29-edp\"><img alt=\"Nước hoa Le Labo The Noir 29 EDP\" src=\"https://file.hstatic.net/1000339918/file/le-labo-the-noir-29-edp__5__14bb52aadaf348f38e26d4653bd37b8a_grande.jpg\" /></a></p>\r\n\r\n<h2><em><strong>Le Labo Th&eacute; Noir 29 - B&igrave;nh y&ecirc;n trong b&uacute;p tr&agrave; non</strong></em></h2>\r\n\r\n<p>Nước hoa&nbsp;<strong>Le Labo The Noir 29</strong>&nbsp;c&oacute; m&ugrave;i hương mở ra bằng một loạt hương liệu nhẹ nh&agrave;ng, m&ugrave;i hương ngọt ng&agrave;o của quả sung, điểm th&ecirc;m ch&uacute;t tự nhi&ecirc;n từ cam Bergamot khiến ta tưởng tượng về một vườn c&acirc;y thơm phức với những t&ocirc;ng vị ngọt ng&agrave;o, trẻ trung.&nbsp;Le Labo The Noir 29 &nbsp;trở n&ecirc;n s&aacute;ng tạo khi c&oacute; sự g&oacute;p mặt của tinh chất l&aacute; tr&agrave; đen tạo n&ecirc;n một m&ugrave;i hương đầy gợi cảm, tinh thế v&agrave; g&acirc;y nghiện. Ở nốt hương cuối c&ugrave;ng, hương thơm &aacute;nh l&ecirc;n m&ugrave;i cỏ tương ẩm ướt c&ugrave;ng t&agrave;n thuốc l&aacute; nức mũi.&nbsp;</p>\r\n\r\n<p>Điểm s&aacute;ng cuối c&ugrave;ng, m&ugrave;i hương g&acirc;y nghiện bởi t&ocirc;ng thuốc l&aacute; cay nồng, c&oacute; thể n&oacute;i The Noir 29 l&uacute;c n&agrave;y đ&atilde; b&ugrave;ng nổ c&aacute;ch lạ k&igrave;. Tựa như đ&oacute;a hoa đang le l&oacute;i giữa đ&aacute;m c&acirc;y kh&ocirc; v&agrave; chợt b&ugrave;ng nổ dưới &aacute;nh s&aacute;ng b&igrave;nh m&igrave;nh, tỏa ra một m&ugrave;i hương đầy k&iacute;ch th&iacute;ch v&agrave; l&ocirc;i cuốn.&nbsp;</p>\r\n\r\n<p>Sự điều chế m&ugrave;i hương k&igrave; diệu đến mức khi nhắc đến&nbsp;The Noir 29, người ta vẫn thường&nbsp;v&iacute; hương thơm của n&oacute;&nbsp;tựa như sự y&ecirc;n b&igrave;nh trong những b&uacute;p tr&agrave; non. Ch&iacute;nh v&igrave; vậy, d&ograve;ng hương n&agrave;y ph&ugrave; hợp nhất cho những người s&acirc;u lắng, c&oacute; gu v&agrave; th&iacute;ch cả sự ho&agrave;i niệm.</p>\r\n\r\n<p><a href=\"https://vperfume.vn/products/le-labo-the-noir-29-edp\"><img alt=\"Nước hoa Le Labo The Noir 29 EDP\" src=\"https://file.hstatic.net/1000339918/file/le-labo-the-noir-29-edp__1__056dd867589e4a0ea2a9f156e5aa2f56_grande.jpg\" /></a></p>\r\n\r\n<p><em><strong>Th&agrave;nh phần m&ugrave;i hương</strong></em></p>\r\n\r\n<ul>\r\n	<li><strong>Hương đầu:</strong>&nbsp;<a href=\"https://vperfume.vn/collections/cam-bergamot\" target=\"_self\">Cam Bergamot</a>,&nbsp;<a href=\"https://vperfume.vn/collections/qua-sung\" target=\"_self\">Quả sung</a>,&nbsp;<a href=\"https://vperfume.vn/collections/la-nguyet-que\" target=\"_self\">L&aacute; nguyệt quế</a></li>\r\n	<li><strong>Hương giữa:</strong>&nbsp;<a href=\"https://vperfume.vn/collections/go-tuyet-tung\" target=\"_self\">Gỗ tuyết t&ugrave;ng</a>,&nbsp;<a href=\"https://vperfume.vn/collections/co-huong-bai\" target=\"_self\">Cỏ hương b&agrave;i</a>,&nbsp;<a href=\"https://vperfume.vn/collections/xa-huong\" target=\"_self\">Xạ hương</a></li>\r\n	<li><strong>Hương cuối:</strong>&nbsp;<a href=\"https://vperfume.vn/collections/co-kho\" target=\"_self\">Cỏ kh&ocirc;</a>,&nbsp;<a href=\"https://vperfume.vn/collections/cay-thuoc-la\" target=\"_self\">C&acirc;y thuốc l&aacute;</a></li>\r\n</ul>\r\n\r\n<p><em><strong>Thời điểm d&ugrave;ng:</strong></em>&nbsp;Ng&agrave;y,&nbsp;Đ&ecirc;m, Xu&acirc;n, Thu</p>\r\n\r\n<h2><em><strong>Thiết kế chai nước hoa</strong></em>&nbsp;<strong><em>Le Labo The Noir 29 EDP</em></strong></h2>\r\n\r\n<p>Nước hoa&nbsp;<strong>Le Labo The Noir 29</strong>&nbsp;kh&aacute;c xa với kiểu chai nước hoa truyền thống, Le Labo Th&eacute; Noir 29 c&oacute; kiểu d&aacute;ng gọn g&agrave;ng với kiểu trang tr&iacute; c&aacute;c th&ocirc;ng tin nước hoa được in tr&ecirc;n th&acirc;n chai tr&ocirc;ng giống như những chai trong ph&ograve;ng th&iacute; nghiệm.</p>\r\n\r\n<p><a href=\"https://vperfume.vn/products/le-labo-the-noir-29-edp\"><img alt=\"Nước hoa Le Labo The Noir 29 EDP\" src=\"https://file.hstatic.net/1000339918/file/le-labo-the-noir-29-edp__4__bb608b4398984330860912a64e4a840f_grande.jpg\" /></a></p>\r\n', 100, 0, 5);

--
-- Chỉ mục cho các bảng đã đổ
--

--
-- Chỉ mục cho bảng `accounts`
--
ALTER TABLE `accounts`
  ADD PRIMARY KEY (`id`);

--
-- Chỉ mục cho bảng `bill`
--
ALTER TABLE `bill`
  ADD PRIMARY KEY (`id`);

--
-- Chỉ mục cho bảng `billdetail`
--
ALTER TABLE `billdetail`
  ADD PRIMARY KEY (`id`);

--
-- Chỉ mục cho bảng `categorys`
--
ALTER TABLE `categorys`
  ADD PRIMARY KEY (`id`);

--
-- Chỉ mục cho bảng `comments`
--
ALTER TABLE `comments`
  ADD PRIMARY KEY (`id`);

--
-- Chỉ mục cho bảng `news`
--
ALTER TABLE `news`
  ADD PRIMARY KEY (`id`);

--
-- Chỉ mục cho bảng `products`
--
ALTER TABLE `products`
  ADD PRIMARY KEY (`id`);

--
-- AUTO_INCREMENT cho các bảng đã đổ
--

--
-- AUTO_INCREMENT cho bảng `accounts`
--
ALTER TABLE `accounts`
  MODIFY `id` int(11) NOT NULL AUTO_INCREMENT, AUTO_INCREMENT=7;

--
-- AUTO_INCREMENT cho bảng `bill`
--
ALTER TABLE `bill`
  MODIFY `id` int(11) NOT NULL AUTO_INCREMENT, AUTO_INCREMENT=106;

--
-- AUTO_INCREMENT cho bảng `billdetail`
--
ALTER TABLE `billdetail`
  MODIFY `id` int(11) NOT NULL AUTO_INCREMENT, AUTO_INCREMENT=112;

--
-- AUTO_INCREMENT cho bảng `categorys`
--
ALTER TABLE `categorys`
  MODIFY `id` int(11) NOT NULL AUTO_INCREMENT, AUTO_INCREMENT=12;

--
-- AUTO_INCREMENT cho bảng `comments`
--
ALTER TABLE `comments`
  MODIFY `id` int(11) NOT NULL AUTO_INCREMENT, AUTO_INCREMENT=9;

--
-- AUTO_INCREMENT cho bảng `news`
--
ALTER TABLE `news`
  MODIFY `id` int(11) NOT NULL AUTO_INCREMENT, AUTO_INCREMENT=14;

--
-- AUTO_INCREMENT cho bảng `products`
--
ALTER TABLE `products`
  MODIFY `id` int(11) NOT NULL AUTO_INCREMENT, AUTO_INCREMENT=51;
COMMIT;

/*!40101 SET CHARACTER_SET_CLIENT=@OLD_CHARACTER_SET_CLIENT */;
/*!40101 SET CHARACTER_SET_RESULTS=@OLD_CHARACTER_SET_RESULTS */;
/*!40101 SET COLLATION_CONNECTION=@OLD_COLLATION_CONNECTION */;
